dataset_id,order,possible_ordinal_patterns,window_patterns,comparison_bars,entropy_mean,entropy_mae_vs_window24,entropy_correlation_vs_window24,information_mae_vs_window24,information_correlation_vs_window24
spy_1m,3,6,8,371,0.2757465022295642,0.20578859041535838,0.43567161043692193,0.148167785099058,0.4019810363327387
spy_1m,3,6,12,371,0.34256007363108226,0.1432100213434916,0.5985445649153577,0.10311121536731394,0.5815316304602585
spy_1m,3,6,24,371,0.4646647358776453,0.0,0.9999999999999998,0.0,1.0
spy_1m,3,6,48,371,0.5704392302860516,0.11413184814442882,0.6758400023964586,0.08217493066398876,0.6253509958198074
spy_1m,3,6,96,371,0.6055131360972857,0.14700550933052534,0.5191900075993151,0.10584396671797823,0.38694758511268534
spy_5m,3,6,8,371,0.29906957355261454,0.2052304226513414,0.24170925938893234,0.14776590430896583,0.2147088289198479
spy_5m,3,6,12,371,0.376372506038035,0.13553606483401365,0.42257410931633754,0.09758596668048984,0.4265544853604562
spy_5m,3,6,24,371,0.49151692049295953,0.0,1.0,0.0,1.0
spy_5m,3,6,48,371,0.5580828004668534,0.07829803157509549,0.5202283719761079,0.05637458273406874,0.504864872320455
spy_5m,3,6,96,371,0.5988473189059823,0.11032272545490229,0.3998315772536774,0.07943236232752965,0.3635902364197497
spy_15m,3,6,8,371,0.2698778664152824,0.20722311747912348,0.34446786473038793,0.1492006445849689,0.30571504620499257
spy_15m,3,6,12,371,0.33880975387345225,0.14473233841891978,0.5389953490442968,0.10420728366162223,0.5164694291408058
spy_15m,3,6,24,371,0.4524909150128249,0.0,1.0,0.0,0.9999999999999999
spy_15m,3,6,48,371,0.5337868192117089,0.10168530170168787,0.4874462682732965,0.07321341722521528,0.38584894829785105
spy_15m,3,6,96,371,0.5799457574457391,0.13414778578340394,0.40608438832432026,0.09658640576405085,0.19963794035281432
spy_30m,3,6,8,371,0.27062194974265974,0.1987240874462778,0.5038885655472425,0.14308134296132,0.453542821812
spy_30m,3,6,12,371,0.33935916750311396,0.13340867271935128,0.6725449379439206,0.09605424435793293,0.6340747352127483
spy_30m,3,6,24,371,0.45372225135209177,0.0,1.0,0.0,1.0
spy_30m,3,6,48,371,0.5400466081061429,0.09226369659652393,0.7683656183022173,0.06642986154949722,0.726777607444115
spy_30m,3,6,96,371,0.5873633940348981,0.13766066033625676,0.37521117993922126,0.09911567544210487,0.17562806795864114
spy_1h,3,6,8,371,0.28852577335261426,0.19740311956938533,0.4342475887601767,0.14213024608995745,0.40925058625284144
spy_1h,3,6,12,371,0.3599995031628226,0.13512516013546744,0.6204819933553606,0.09729011529753658,0.6079329364089423
spy_1h,3,6,24,371,0.4731405538241756,0.0,1.0,0.0,0.9999999999999999
spy_1h,3,6,48,371,0.5609945062214521,0.09849042404348189,0.5118557154225525,0.07091310531130696,0.4957320713025337
spy_1h,3,6,96,371,0.6001499874142616,0.1300364425417891,0.47621975450068305,0.09362623863008813,0.41676978209655796
spy_2h,3,6,8,371,0.2880085340103586,0.20114121258538306,0.45067381371254056,0.1448216730614758,0.44568030542416626
spy_2h,3,6,12,371,0.36544024598918234,0.128395236413123,0.6392341291168548,0.09244457021744859,0.6448888864228877
spy_2h,3,6,24,371,0.4802329678653643,0.0,1.0,0.0,1.0
spy_2h,3,6,48,371,0.5618114667846188,0.09335944241309596,0.6956066825168528,0.06721879853742908,0.6869268047776728
spy_2h,3,6,96,371,0.5945917301297229,0.11913765513365186,0.5354053648158714,0.08577911169622933,0.4840275484164865
spy_4h,3,6,8,371,0.3399550150886141,0.1989467729278543,0.562592111877455,0.14324167650805508,0.5095574723668858
spy_4h,3,6,12,371,0.4205356352658544,0.12381468473583192,0.6967734002156462,0.089146573009799,0.6575251507589202
spy_4h,3,6,24,371,0.5354978440808579,0.0,0.9999999999999998,0.0,1.0
spy_4h,3,6,48,371,0.5981375706838297,0.07217498452379488,0.6509578249972405,0.05196598885713233,0.5679687616589182
spy_4h,3,6,96,371,0.6292812069666938,0.0970875420982904,0.18388328509201124,0.06990303031076907,-0.015520355972666844
spy_1d,3,6,8,621,0.3139332745723061,0.1902871181134431,0.5439487438661564,0.13700672504167902,0.531129485887882
spy_1d,3,6,12,621,0.3904154296909736,0.12200186995737163,0.6797165684978123,0.08784134636930757,0.6755501304975495
spy_1d,3,6,24,621,0.4968430129837802,0.0,1.0,0.0,0.9999999999999999
spy_1d,3,6,48,621,0.5700547301884503,0.08563086440117428,0.7083482746026277,0.06165422236884546,0.7071565212973651
spy_1d,3,6,96,621,0.6063353146103965,0.12512732155819056,0.3023051826013823,0.0900916715218972,0.2852617900048737
spy_1w,3,6,8,371,0.29033740768361216,0.19643379025728558,0.45602499805184915,0.14143232898524563,0.4406915394805978
spy_1w,3,6,12,371,0.3630634049646388,0.132622374112904,0.630115079439542,0.0954881093612909,0.6197277368233858
spy_1w,3,6,24,371,0.4679300020118527,0.0,1.0,0.0,1.0
spy_1w,3,6,48,371,0.5417707614268373,0.097961415509219,0.519047880970646,0.0705322191666377,0.4888129714942984
spy_1w,3,6,96,371,0.587379467158675,0.1354251264308544,-0.013785125190672617,0.09750609103021517,-0.07282611249366458
qqq_1d,3,6,8,621,0.31379513291434674,0.2015424658845365,0.5300241879856374,0.1451105754368663,0.5075667110645479
qqq_1d,3,6,12,621,0.39192118186580055,0.13035414559696673,0.6813566576736032,0.09385498482981608,0.6694295403978039
qqq_1d,3,6,24,621,0.5030225075413503,0.0,1.0,0.0,1.0
qqq_1d,3,6,48,621,0.57787925660874,0.09166489798788385,0.6807573225149127,0.06599872655127635,0.6706995896071152
qqq_1d,3,6,96,621,0.6181417044962855,0.1291769031578688,0.16731179407083396,0.09300737027366553,0.1399951527876164
iwm_1d,3,6,8,621,0.2906630016168774,0.20119411685708594,0.46988841125640857,0.14485976413710186,0.4513204558858422
iwm_1d,3,6,12,621,0.3649192420301729,0.13080255517974376,0.6583133427318474,0.0941778397294155,0.6490608683754985
iwm_1d,3,6,24,621,0.4789607261683361,0.0,1.0,0.0,1.0
iwm_1d,3,6,48,621,0.5609688843969696,0.09606664171697618,0.5824513113559311,0.06916798203622285,0.5875134683875813
iwm_1d,3,6,96,621,0.5917525829042817,0.12355084546226328,0.28695743202115315,0.08895660873282955,0.29981507302905
tlt_1d,3,6,8,621,0.31725469319893823,0.21194377360526878,0.42329986325815594,0.1525995169957935,0.3978854027452804
tlt_1d,3,6,12,621,0.39645971547875103,0.137126164783582,0.5969002824749844,0.09873083864417904,0.5935713257131542
tlt_1d,3,6,24,621,0.514953536623694,0.0,0.9999999999999999,0.0,1.0
tlt_1d,3,6,48,621,0.5915002739986636,0.08268345348385493,0.6169890511723878,0.05953208650837555,0.5990775567789942
tlt_1d,3,6,96,621,0.6170362219434209,0.10507578848756345,0.3685192724275865,0.07565456771104569,0.3531970486973795
gld_1d,3,6,8,621,0.3130140836298815,0.2002269016919481,0.4322498647443672,0.1441633692182026,0.4284644617049577
gld_1d,3,6,12,621,0.3909017078305423,0.1272100248258829,0.6038068478408433,0.09159121787463573,0.6118916026497828
gld_1d,3,6,24,621,0.5032766042824377,0.0,0.9999999999999999,0.0,1.0
gld_1d,3,6,48,621,0.5728493547110158,0.08472099630058288,0.5756071445530567,0.060999117336419675,0.6162720349914281
gld_1d,3,6,96,621,0.6095109170024307,0.11577446901577122,0.2719784764418205,0.08335761769135527,0.3842826940842624
uso_1d,3,6,8,621,0.3257244550922754,0.19784854069183777,0.5215539311120836,0.14245094929812316,0.4868099648536545
uso_1d,3,6,12,621,0.4020382353140101,0.1278667440697447,0.6746732448356257,0.09206405573021617,0.6485108533317401
uso_1d,3,6,24,621,0.50730383194289,0.0,1.0,0.0,1.0
uso_1d,3,6,48,621,0.5829771277759751,0.09082547871129296,0.6057132895155354,0.06539434467213093,0.5547402866417322
uso_1d,3,6,96,621,0.6230629341153777,0.12559952654766154,0.30228224923904023,0.09043165911431632,0.19000384719363997
btc_usd_1d,3,6,8,621,0.25938462760385933,0.19668121497403124,0.29926467980566784,0.14161047478130248,0.28230766850746974
btc_usd_1d,3,6,12,621,0.32656665289751374,0.13968208435077883,0.492970804023473,0.10057110073256076,0.49157023317598364
btc_usd_1d,3,6,24,621,0.4426834196742164,0.0,0.9999999999999999,0.0,0.9999999999999998
btc_usd_1d,3,6,48,621,0.536879925896262,0.10522031427909728,0.5195580171457836,0.07575862628095004,0.544982918780982
btc_usd_1d,3,6,96,621,0.5817362182440713,0.14136503895925506,0.34165309930958365,0.10178282805066366,0.3773162190510031
