dataset_id,horizon_step,reference_step,feature,comparison_bars,mae,rmse,iqr_normalized_mae,correlation,final_abs_error
spy_1m,1,1,pressure,371,0.0,0.0,0.0,0.9999999999999999,0.0
spy_1m,1,1,velocity,371,0.0,0.0,0.0,1.0,0.0
spy_1m,1,1,acceleration,371,0.0,0.0,0.0,0.9999999999999998,0.0
spy_1m,1,1,jerk,371,0.0,0.0,0.0,1.0,0.0
spy_1m,1,1,snap,371,0.0,0.0,0.0,0.9999999999999998,0.0
spy_1m,1,1,structure,371,0.0,0.0,0.0,0.9999999999999999,0.0
spy_1m,1,1,kinematics,371,0.0,0.0,0.0,0.9999999999999999,0.0
spy_1m,1,1,geometry,371,0.0,0.0,0.0,1.0,0.0
spy_1m,1,1,information,371,0.0,0.0,0.0,0.9999999999999998,0.0
spy_1m,1,1,propagation,371,0.0,0.0,0.0,0.9999999999999999,0.0
spy_1m,1,1,cascade_bias,371,0.0,0.0,0.0,1.0,0.0
spy_1m,1,1,scaling_exponent,371,0.0,0.0,0.0,1.0,0.0
spy_1m,2,1,pressure,371,0.0009975741239892182,0.0013648356239208625,0.007736131244584863,0.999955502873383,0.0002999999999999947
spy_1m,2,1,velocity,371,0.013587061994609167,0.017877711281002958,0.02046552492033313,0.9991654025957019,0.0378
spy_1m,2,1,acceleration,371,0.03657681940700809,0.046911185799335,0.08647002223878981,0.9909318825135053,0.0657
spy_1m,2,1,jerk,371,0.04912479784366576,0.06677184409929446,0.10871926047065567,0.9783916206258432,0.0948
spy_1m,2,1,snap,371,0.05973530997304582,0.08130783374001094,0.13034106474589968,0.96702218839687,0.19079999999999997
spy_1m,2,1,structure,371,0.0022595687331536385,0.0027522546503507554,0.03561180036491156,0.9991481788634348,0.0024000000000000132
spy_1m,2,1,kinematics,371,0.012223180592991916,0.01586298816525428,0.17486667515009904,0.9525942056184624,0.0121
spy_1m,2,1,geometry,371,0.01029622641509434,0.01298849688042993,0.18944298831820308,0.9440792371306006,0.003500000000000003
spy_1m,2,1,information,371,0.007507277628032346,0.009334612285623387,0.0657955970905552,0.9956209178542488,0.009599999999999997
spy_1m,2,1,propagation,371,0.021047708894878704,0.026266001412256858,0.21005697499878934,0.9721048152924034,0.0012999999999999678
spy_1m,2,1,cascade_bias,371,0.04406172506738545,0.058328684579235415,0.18642574600120776,0.9554210872122328,0.0018000000000000238
spy_1m,2,1,scaling_exponent,371,0.023922911051212935,0.03180415982556751,0.1770100706712019,0.9878150130378716,0.00880000000000003
spy_1m,4,1,pressure,371,0.0018695417789757413,0.00257389968117119,0.014498191384069338,0.9997826993338105,0.0012999999999999956
spy_1m,4,1,velocity,371,0.03778921832884097,0.0533543628239061,0.056920045682845255,0.9918142787833523,0.08360000000000001
spy_1m,4,1,acceleration,371,0.08651832884097034,0.11342043448853796,0.20453505636163202,0.9417742489535714,0.067
spy_1m,4,1,jerk,371,0.10409514824797844,0.1360739676171485,0.23037545257934813,0.9137997476464652,0.1311
spy_1m,4,1,snap,371,0.10964609164420484,0.14540244893513393,0.23924523596815372,0.9022632902996648,0.24929999999999997
spy_1m,4,1,structure,371,0.0056501347708894905,0.007464572209774158,0.08904861735050418,0.9943715885887412,0.005299999999999971
spy_1m,4,1,kinematics,371,0.020214824797843665,0.026148296239457268,0.28919634903925145,0.8831790104677143,0.007099999999999995
spy_1m,4,1,geometry,371,0.01757547169811321,0.022752358960664555,0.32337574421551435,0.8262597968790962,0.007000000000000006
spy_1m,4,1,information,371,0.01698436657681941,0.021399085553679455,0.14885509707992473,0.9765534731763172,0.0013000000000000234
spy_1m,4,1,propagation,371,0.044847169811320746,0.053889408817960935,0.44757654502316085,0.9055183907852473,0.01880000000000004
spy_1m,4,1,cascade_bias,371,0.09122533692722372,0.11910123646840064,0.3859756163622751,0.8441422864675161,0.026400000000000035
spy_1m,4,1,scaling_exponent,371,0.0433355795148248,0.06727965152580653,0.3206480171278195,0.9252024946367255,0.0038000000000000256
spy_1m,8,1,pressure,371,0.0033202156334231807,0.004606628296135918,0.02574808556357643,0.9991810112795154,0.0016999999999999932
spy_1m,8,1,velocity,371,0.06637142857142858,0.0928992408407467,0.09997202676823103,0.9746888434251515,0.1119
spy_1m,8,1,acceleration,371,0.1157814016172507,0.15259886186177612,0.27371489744030897,0.8991751097519658,0.0492
spy_1m,8,1,jerk,371,0.13546900269541778,0.1784627369049681,0.2998096773164054,0.8636730393810753,0.024400000000000033
spy_1m,8,1,snap,371,0.14694016172506738,0.19339560338075962,0.3206200343117333,0.8433109656989071,0.06689999999999996
spy_1m,8,1,structure,371,0.009192991913746631,0.012200589884550557,0.14488560935770892,0.9874943014799238,0.008799999999999975
spy_1m,8,1,kinematics,371,0.02724177897574124,0.03534443344773318,0.38972502111217816,0.7972069895223847,0.019500000000000017
spy_1m,8,1,geometry,371,0.024285175202156336,0.03114439374037526,0.4468293505456547,0.7352264320004429,0.017400000000000027
spy_1m,8,1,information,371,0.024662803234501346,0.029260874680398646,0.21615077330851315,0.9496768297393984,0.014499999999999957
spy_1m,8,1,propagation,371,0.06265283018867925,0.07605985159240557,0.625277746394004,0.8465915301977677,0.0797
spy_1m,8,1,cascade_bias,371,0.14318733153638816,0.18338890825554044,0.6058275080871088,0.7015674079723258,0.10130000000000003
spy_1m,8,1,scaling_exponent,371,0.052676280323450134,0.0877346478687735,0.38976160061746307,0.870376948708275,0.02190000000000003
spy_5m,1,1,pressure,371,0.0,0.0,0.0,0.9999999999999999,0.0
spy_5m,1,1,velocity,371,0.0,0.0,0.0,1.0,0.0
spy_5m,1,1,acceleration,371,0.0,0.0,0.0,1.0,0.0
spy_5m,1,1,jerk,371,0.0,0.0,0.0,0.9999999999999998,0.0
spy_5m,1,1,snap,371,0.0,0.0,0.0,1.0,0.0
spy_5m,1,1,structure,371,0.0,0.0,0.0,1.0,0.0
spy_5m,1,1,kinematics,371,0.0,0.0,0.0,1.0,0.0
spy_5m,1,1,geometry,371,0.0,0.0,0.0,1.0,0.0
spy_5m,1,1,information,371,0.0,0.0,0.0,1.0,0.0
spy_5m,1,1,propagation,371,0.0,0.0,0.0,1.0,0.0
spy_5m,1,1,cascade_bias,371,0.0,0.0,0.0,1.0,0.0
spy_5m,1,1,scaling_exponent,371,0.0,0.0,0.0,1.0,0.0
spy_5m,2,1,pressure,371,0.0009334231805929918,0.0011898605775762473,0.009789440803282557,0.9999675274850697,0.00020000000000000226
spy_5m,2,1,velocity,371,0.014474123989218332,0.0197217825309849,0.022022250268875363,0.9990955969088087,0.01820000000000005
spy_5m,2,1,acceleration,371,0.03406846361185984,0.0485222520992901,0.08661106803574385,0.9866734366253074,0.027600000000000013
spy_5m,2,1,jerk,371,0.05251051212938006,0.07481375905857421,0.13057444269397006,0.9671667817394688,0.07040000000000002
spy_5m,2,1,snap,371,0.06653342318059298,0.09347612765860874,0.16495208424592284,0.9498242277106956,0.03480000000000005
spy_5m,2,1,structure,371,0.003385983827493261,0.003822891752026061,0.05456863541487931,0.9993986565513457,0.006200000000000039
spy_5m,2,1,kinematics,371,0.011274932614555255,0.014576813919479343,0.16866017374054243,0.9666328065028398,0.0008999999999999564
spy_5m,2,1,geometry,371,0.008045552560646901,0.010369274798088579,0.13648095946814082,0.9700640224461697,0.00539999999999996
spy_5m,2,1,information,371,0.011484097035040431,0.016509294939730412,0.1838926666940021,0.9818590365760989,0.0045000000000000595
spy_5m,2,1,propagation,371,0.019012938005390834,0.02336778601366832,0.14436551256940633,0.9804561654146838,0.05459999999999998
spy_5m,2,1,cascade_bias,371,0.03460700808625337,0.044108051596431046,0.13616764936554543,0.9698435290955821,0.02560000000000001
spy_5m,2,1,scaling_exponent,371,0.05574123989218329,0.06757741652149538,0.17877241787101766,0.9888360982493244,0.006500000000000006
spy_5m,4,1,pressure,371,0.001671159029649596,0.002123542785597727,0.017526576084421562,0.9998476497098969,0.0002999999999999982
spy_5m,4,1,velocity,371,0.040327762803234496,0.056052092636660646,0.06135833062492886,0.9924886060180653,0.02150000000000002
spy_5m,4,1,acceleration,371,0.07263935309973046,0.10127755702993374,0.18466849650370018,0.9468183019091602,0.12210000000000001
spy_5m,4,1,jerk,371,0.09387304582210242,0.125405345260663,0.23342793938108272,0.9128364981612636,0.0041999999999999815
spy_5m,4,1,snap,371,0.10536873315363882,0.14097908334466078,0.2612339981495942,0.8930225843473651,0.03859999999999997
spy_5m,4,1,structure,371,0.009195148247978437,0.010292776102305116,0.1481893351809579,0.9965213347104802,0.012900000000000023
spy_5m,4,1,kinematics,371,0.018067385444743934,0.023760200249639415,0.2702675459198795,0.9139779617011368,0.02939999999999998
spy_5m,4,1,geometry,371,0.01573854447439353,0.020669118337030938,0.26698124638496235,0.8823435955003444,0.0736
spy_5m,4,1,information,371,0.01988382749326146,0.02506130219929779,0.3183959566575093,0.9553733787772742,0.0040999999999999925
spy_5m,4,1,propagation,371,0.04154932614555256,0.050511930751536094,0.31548463284398265,0.9214463262045091,0.07520000000000004
spy_5m,4,1,cascade_bias,371,0.08403773584905659,0.10692677318986972,0.33066195494415346,0.8477336192861581,0.014400000000000024
spy_5m,4,1,scaling_exponent,371,0.11911859838274932,0.14264823282761327,0.3820352738381955,0.9571447556036047,0.007400000000000018
spy_5m,8,1,pressure,371,0.003164420485175202,0.003948502735778138,0.033187419875985336,0.9993743028901192,0.0017999999999999995
spy_5m,8,1,velocity,371,0.07159919137466307,0.09842876842077314,0.10893752966856306,0.9750296952799384,0.07830000000000004
spy_5m,8,1,acceleration,371,0.12262183288409703,0.16480313183963144,0.31173721338273047,0.872084095044588,0.1595
spy_5m,8,1,jerk,371,0.14403719676549864,0.18677317809018606,0.3581678397749562,0.8328615506114017,0.09100000000000003
spy_5m,8,1,snap,371,0.15374150943396225,0.2026435460741315,0.38116154564016924,0.8055877772653318,0.0025000000000000577
spy_5m,8,1,structure,371,0.013905660377358492,0.0160151343516652,0.22410411567056396,0.9893823674237652,0.016600000000000004
spy_5m,8,1,kinematics,371,0.028226415094339628,0.03677951424996818,0.42223507994524523,0.813743217386625,0.03919999999999996
spy_5m,8,1,geometry,371,0.021217250673854448,0.02673670765797727,0.359919434670983,0.7965845969874364,0.0731
spy_5m,8,1,information,371,0.025001078167115907,0.036227871952399585,0.4003375206904068,0.930500821460021,0.01819999999999994
spy_5m,8,1,propagation,371,0.06772048517520216,0.08150352215695478,0.5142026209202891,0.8224659970352138,0.027800000000000047
spy_5m,8,1,cascade_bias,371,0.16397304582210243,0.20811714990901967,0.6451821594416779,0.6066541833903538,0.04899999999999999
spy_5m,8,1,scaling_exponent,371,0.1842210242587601,0.22591902599665578,0.5908307384822327,0.9018141202382243,0.011199999999999988
spy_15m,1,1,pressure,371,0.0,0.0,0.0,1.0,0.0
spy_15m,1,1,velocity,371,0.0,0.0,0.0,1.0,0.0
spy_15m,1,1,acceleration,371,0.0,0.0,0.0,1.0,0.0
spy_15m,1,1,jerk,371,0.0,0.0,0.0,1.0,0.0
spy_15m,1,1,snap,371,0.0,0.0,0.0,0.9999999999999998,0.0
spy_15m,1,1,structure,371,0.0,0.0,0.0,1.0,0.0
spy_15m,1,1,kinematics,371,0.0,0.0,0.0,1.0,0.0
spy_15m,1,1,geometry,371,0.0,0.0,0.0,1.0,0.0
spy_15m,1,1,information,371,0.0,0.0,0.0,1.0,0.0
spy_15m,1,1,propagation,371,0.0,0.0,0.0,1.0,0.0
spy_15m,1,1,cascade_bias,371,0.0,0.0,0.0,1.0,0.0
spy_15m,1,1,scaling_exponent,371,0.0,0.0,0.0,0.9999999999999998,0.0
spy_15m,2,1,pressure,371,0.001234501347708895,0.0015766490105365483,0.008997823234029848,0.9999410846268408,0.0010000000000000009
spy_15m,2,1,velocity,371,0.01287088948787062,0.018086209396952265,0.01725551613871916,0.9991462241513346,0.03370000000000001
spy_15m,2,1,acceleration,371,0.03266927223719677,0.044006351844880505,0.08906562769137613,0.9904475141299252,0.0542
spy_15m,2,1,jerk,371,0.05117816711590297,0.06816639918931217,0.11362825736212914,0.9755499398847665,0.07649999999999996
spy_15m,2,1,snap,371,0.0640355795148248,0.08304071712604982,0.1313280958056292,0.9633271942490786,0.09099999999999997
spy_15m,2,1,structure,371,0.0030129380053908355,0.0035877749901650625,0.041730443287961716,0.998932181328874,0.0049000000000000155
spy_15m,2,1,kinematics,371,0.011582479784366575,0.01489850206837592,0.18055307536035195,0.9654537661928617,0.0020999999999999908
spy_15m,2,1,geometry,371,0.009389487870619946,0.011500185161992298,0.21123707245489198,0.9488653646157474,0.009000000000000008
spy_15m,2,1,information,371,0.0070239892183288416,0.008916191093278555,0.06441072185537679,0.996013391996884,0.008299999999999974
spy_15m,2,1,propagation,371,0.019659838274932614,0.024948847938874627,0.17192687603788914,0.9697638355860795,0.03399999999999992
spy_15m,2,1,cascade_bias,371,0.038870619946091645,0.05496029049229365,0.1535477777842846,0.9546780505000186,0.09430000000000005
spy_15m,2,1,scaling_exponent,371,0.06210188679245283,0.0733746946985296,0.346937915041636,0.9785550510932384,0.13130000000000008
spy_15m,4,1,pressure,371,0.00230188679245283,0.0029548443480653594,0.016777600528081853,0.9997182878603916,0.001799999999999996
spy_15m,4,1,velocity,371,0.03280512129380054,0.045933482024439296,0.04398058894463137,0.994708432152443,0.04150000000000004
spy_15m,4,1,acceleration,371,0.07883692722371968,0.10329730820017344,0.21493164455757818,0.9501755939336464,0.1404
spy_15m,4,1,jerk,371,0.09550512129380054,0.12870169671975765,0.21204511832548964,0.9173623751054167,0.0852
spy_15m,4,1,snap,371,0.10081832884097035,0.13708215334425794,0.20676441517836414,0.9047868671024087,0.055300000000000016
spy_15m,4,1,structure,371,0.007816711590296496,0.008862069753926007,0.1082647034667105,0.9956689171754656,0.007500000000000007
spy_15m,4,1,kinematics,371,0.02072452830188679,0.02621196410028461,0.32306357446433037,0.9030505065941672,0.007299999999999973
spy_15m,4,1,geometry,371,0.01583045822102426,0.01921958163070412,0.3561407923739992,0.8463154665321391,0.010599999999999998
spy_15m,4,1,information,371,0.01788544474393531,0.022477511372930407,0.1640114144331527,0.9735861629775289,0.01799999999999996
spy_15m,4,1,propagation,371,0.04370431266846361,0.05363928363919624,0.3821977496148984,0.8923013922315953,0.026699999999999946
spy_15m,4,1,cascade_bias,371,0.09373342318059298,0.12284176122917968,0.3702683119912818,0.8352081271439767,0.02210000000000001
spy_15m,4,1,scaling_exponent,371,0.1307536388140162,0.1602591484535993,0.7304672559442248,0.9108910165991407,0.2589
spy_15m,8,1,pressure,371,0.004061725067385444,0.005213017606017353,0.029604410112138806,0.9990229388777565,0.0051
spy_15m,8,1,velocity,371,0.06312614555256066,0.0872719784411025,0.08463084267671357,0.9796583396125343,0.12150000000000005
spy_15m,8,1,acceleration,371,0.12241347708894876,0.16231133223354607,0.3337335798499148,0.8840785377068966,0.2023
spy_15m,8,1,jerk,371,0.14916361185983826,0.19314961625320437,0.33118031052361957,0.8368103691065568,0.07920000000000002
spy_15m,8,1,snap,371,0.16660673854447441,0.215908140532607,0.3416873226917031,0.7967713438101537,0.1064
spy_15m,8,1,structure,371,0.012263072776280323,0.014020087629642592,0.16984865341108485,0.9900372258859641,0.014900000000000024
spy_15m,8,1,kinematics,371,0.028770350404312667,0.03658864507995701,0.44848558697291774,0.8221534610556575,0.0009000000000000119
spy_15m,8,1,geometry,371,0.022457681940700806,0.028579567843359834,0.505234689329602,0.7143029287145998,0.005500000000000005
spy_15m,8,1,information,371,0.025577897574123994,0.034791557206169846,0.23455201810292514,0.9249290420536266,0.020000000000000018
spy_15m,8,1,propagation,371,0.06418059299191374,0.07982455796249896,0.561264477410702,0.8104764275533075,0.013599999999999945
spy_15m,8,1,cascade_bias,371,0.1579846361185984,0.20257906040429183,0.6240751969922907,0.6389874804658451,0.03159999999999996
spy_15m,8,1,scaling_exponent,371,0.1713544474393531,0.21879204424598467,0.9572874158623081,0.8332328896324633,0.3669
spy_30m,1,1,pressure,371,0.0,0.0,0.0,1.0,0.0
spy_30m,1,1,velocity,371,0.0,0.0,0.0,0.9999999999999999,0.0
spy_30m,1,1,acceleration,371,0.0,0.0,0.0,1.0,0.0
spy_30m,1,1,jerk,371,0.0,0.0,0.0,1.0,0.0
spy_30m,1,1,snap,371,0.0,0.0,0.0,1.0,0.0
spy_30m,1,1,structure,371,0.0,0.0,0.0,1.0,0.0
spy_30m,1,1,kinematics,371,0.0,0.0,0.0,0.9999999999999998,0.0
spy_30m,1,1,geometry,371,0.0,0.0,0.0,1.0,0.0
spy_30m,1,1,information,371,0.0,0.0,0.0,1.0,0.0
spy_30m,1,1,propagation,371,0.0,0.0,0.0,0.9999999999999999,0.0
spy_30m,1,1,cascade_bias,371,0.0,0.0,0.0,1.0,0.0
spy_30m,1,1,scaling_exponent,371,0.0,0.0,0.0,1.0,0.0
spy_30m,2,1,pressure,371,0.0010840970350404313,0.001446139949906986,0.007985981841918463,0.9999518675401866,0.0007000000000000005
spy_30m,2,1,velocity,371,0.011686792452830191,0.015675037239280494,0.017232073802462684,0.9993289979634311,0.01040000000000002
spy_30m,2,1,acceleration,371,0.03886900269541779,0.05167130564920207,0.09519716555331323,0.987420833606567,0.059099999999999986
spy_30m,2,1,jerk,371,0.06431132075471699,0.08653490749768804,0.13005322700650554,0.9645116022998509,0.00029999999999996696
spy_30m,2,1,snap,371,0.07885687331536387,0.10786455630436971,0.15768221018869,0.9454035555049866,0.02289999999999992
spy_30m,2,1,structure,371,0.002644474393530995,0.003208315509687832,0.04349464463044398,0.9990748660577345,0.0025000000000000022
spy_30m,2,1,kinematics,371,0.013614285714285716,0.01780943676076953,0.17532885659093003,0.9607565098053358,0.0010000000000000009
spy_30m,2,1,geometry,371,0.009763072776280324,0.012369198114453871,0.23553854707552055,0.9370008419248258,0.0010999999999999899
spy_30m,2,1,information,371,0.0074,0.008777470547847417,0.054073803434417256,0.9965460665854998,0.01100000000000001
spy_30m,2,1,propagation,371,0.019357142857142857,0.02343626730810449,0.15905622725672022,0.974171816080616,0.007000000000000006
spy_30m,2,1,cascade_bias,371,0.036100808625336926,0.04681213183920955,0.1984651381271959,0.96123556174432,0.0025000000000000022
spy_30m,2,1,scaling_exponent,371,0.06165822102425876,0.07007870046426452,0.3874220611012177,0.9867502054962964,0.09089999999999998
spy_30m,4,1,pressure,371,0.001995687331536388,0.002701541937666404,0.01470119581242275,0.9997742007032583,0.0013000000000000004
spy_30m,4,1,velocity,371,0.03298382749326146,0.04512401957779407,0.048634366696050514,0.9944128126225453,0.03969999999999996
spy_30m,4,1,acceleration,371,0.07714824797843665,0.11013903416301227,0.18894990932754507,0.944576982229617,0.020899999999999974
spy_30m,4,1,jerk,371,0.10560107816711589,0.14778237642449507,0.21355121975149827,0.8988628651183149,0.0232
spy_30m,4,1,snap,371,0.11644905660377358,0.16401537039273906,0.23285154289896737,0.8769828726011627,0.007500000000000062
spy_30m,4,1,structure,371,0.006629649595687329,0.007957914909290249,0.10904028940275208,0.9951831652942587,0.006799999999999973
spy_30m,4,1,kinematics,371,0.021176280323450137,0.027289805369202412,0.2727144922530604,0.9085976259413993,0.0015000000000000568
spy_30m,4,1,geometry,371,0.015784097035040433,0.019417425552692085,0.38079848094186824,0.8550134385072752,0.013600000000000001
spy_30m,4,1,information,371,0.014545283018867922,0.018370657342973277,0.10628632092705828,0.9826951764163177,0.008500000000000008
spy_30m,4,1,propagation,371,0.042083288409703504,0.049917599217012595,0.3457953032843344,0.917054674394716,0.08120000000000005
spy_30m,4,1,cascade_bias,371,0.08469568733153639,0.10920083811867975,0.46561675278469716,0.8172486120237462,0.03799999999999998
spy_30m,4,1,scaling_exponent,371,0.10659892183288408,0.1308442841114434,0.6698015823618231,0.9144669036879185,0.14949999999999997
spy_30m,8,1,pressure,371,0.003513207547169811,0.004841509644049383,0.025879981931269332,0.9991944287674451,0.0019000000000000002
spy_30m,8,1,velocity,371,0.061452830188679246,0.08445527564874594,0.09061166350439287,0.9814655894265024,0.0393
spy_30m,8,1,acceleration,371,0.11736981132075473,0.1596946570929758,0.28745973872337677,0.8905481400326517,0.021899999999999975
spy_30m,8,1,jerk,371,0.15065175202156336,0.20243693051313416,0.30465470580700377,0.8241392655056246,0.1099
spy_30m,8,1,snap,371,0.15842857142857142,0.21201866100547673,0.3167937841003228,0.8084037724332026,0.0403
spy_30m,8,1,structure,371,0.012621563342318056,0.014882522900053602,0.20759150234075743,0.9838145824692365,0.010099999999999998
spy_30m,8,1,kinematics,371,0.029813207547169814,0.038109003470998305,0.3839434326744342,0.8317529254423502,0.03939999999999999
spy_30m,8,1,geometry,371,0.020280592991913746,0.02585307804120917,0.48927847990141743,0.7476370124025803,0.018299999999999983
spy_30m,8,1,information,371,0.02019676549865229,0.025319651339133997,0.14758323345745192,0.9675180101902798,0.04149999999999998
spy_30m,8,1,propagation,371,0.06147897574123989,0.07459957960758246,0.5051682476683638,0.8481621668829253,0.0038000000000000256
spy_30m,8,1,cascade_bias,371,0.14592183288409705,0.19112406859338082,0.8022090867734859,0.6127320973315993,0.12430000000000002
spy_30m,8,1,scaling_exponent,371,0.13544420485175201,0.18193244651336832,0.8510474700078674,0.8120189591630773,0.14500000000000002
spy_1h,1,1,pressure,371,0.0,0.0,0.0,1.0,0.0
spy_1h,1,1,velocity,371,0.0,0.0,0.0,1.0,0.0
spy_1h,1,1,acceleration,371,0.0,0.0,0.0,1.0,0.0
spy_1h,1,1,jerk,371,0.0,0.0,0.0,1.0,0.0
spy_1h,1,1,snap,371,0.0,0.0,0.0,1.0,0.0
spy_1h,1,1,structure,371,0.0,0.0,0.0,1.0,0.0
spy_1h,1,1,kinematics,371,0.0,0.0,0.0,0.9999999999999998,0.0
spy_1h,1,1,geometry,371,0.0,0.0,0.0,0.9999999999999999,0.0
spy_1h,1,1,information,371,0.0,0.0,0.0,0.9999999999999998,0.0
spy_1h,1,1,propagation,371,0.0,0.0,0.0,1.0,0.0
spy_1h,1,1,cascade_bias,371,0.0,0.0,0.0,1.0,0.0
spy_1h,1,1,scaling_exponent,371,0.0,0.0,0.0,1.0,0.0
spy_1h,2,1,pressure,371,0.0012374663072776276,0.0015286218093820971,0.009231378644368725,0.9999687226450811,0.0002999999999999999
spy_1h,2,1,velocity,371,0.012018598382749325,0.015856649782285643,0.019461741369523642,0.9993655621492248,0.023400000000000004
spy_1h,2,1,acceleration,371,0.03360242587601078,0.04676921171476472,0.08267296315908668,0.9902998929699269,0.0329
spy_1h,2,1,jerk,371,0.05493773584905661,0.07585404395170697,0.12665760426295472,0.9710810022046863,0.019299999999999984
spy_1h,2,1,snap,371,0.073255525606469,0.10028985619724802,0.16986788546427595,0.9479206818689093,0.004599999999999993
spy_1h,2,1,structure,371,0.0029948787061994608,0.0036357501626601094,0.035526437795960396,0.9995027843181677,0.0025000000000000022
spy_1h,2,1,kinematics,371,0.01312210242587601,0.016754025947357965,0.15302743353791268,0.9665679296748622,0.00770000000000004
spy_1h,2,1,geometry,371,0.007717789757412399,0.010055169916441866,0.18597083752800947,0.9509843268273066,0.007899999999999963
spy_1h,2,1,information,371,0.00920646900269542,0.011798492297118953,0.10539746997934084,0.9946233865573889,0.005400000000000016
spy_1h,2,1,propagation,371,0.01856388140161725,0.02392120263092918,0.1668663496774585,0.9688397460905263,0.0018000000000000238
spy_1h,2,1,cascade_bias,371,0.02743989218328841,0.035276437773599095,0.13346251061910705,0.9782802360240324,0.030899999999999983
spy_1h,2,1,scaling_exponent,371,0.05728059299191375,0.06824923466490312,0.3475764137858843,0.9825807544697817,0.04569999999999996
spy_1h,4,1,pressure,371,0.0021991913746630728,0.0027407329769012253,0.01640575438017958,0.9998561592272877,0.0011000000000000003
spy_1h,4,1,velocity,371,0.034485714285714286,0.04781788847514102,0.05584278890084088,0.9940237286051465,0.060600000000000015
spy_1h,4,1,acceleration,371,0.07011374663072777,0.09452191719484258,0.17250275957861425,0.9591212090453031,0.14700000000000002
spy_1h,4,1,jerk,371,0.08754393530997305,0.11725159393510798,0.20183039840915976,0.9327186280743776,0.0917
spy_1h,4,1,snap,371,0.09867223719676549,0.13209810839897596,0.2288051877026446,0.9134675279188899,0.010699999999999987
spy_1h,4,1,structure,371,0.009751752021563339,0.011862967588255476,0.11567914616326619,0.9959718174297956,0.008099999999999996
spy_1h,4,1,kinematics,371,0.01881967654986523,0.023930803774053162,0.21947144664565868,0.9330026609139589,0.012499999999999956
spy_1h,4,1,geometry,371,0.014167385444743937,0.018347197322634522,0.3413827818010584,0.8422692191127376,0.0126
spy_1h,4,1,information,371,0.014334501347708896,0.018329260921540705,0.16410419402070864,0.9766402299403154,0.020100000000000007
spy_1h,4,1,propagation,371,0.04039514824797844,0.04935614343603749,0.3631024561616041,0.9010359104998912,0.052999999999999936
spy_1h,4,1,cascade_bias,371,0.07518840970350404,0.09771611048326903,0.36570238182638154,0.8623064418359006,0.1522
spy_1h,4,1,scaling_exponent,371,0.0939056603773585,0.11953686526061419,0.569815900348049,0.9528877708906017,0.08290000000000003
spy_1h,8,1,pressure,371,0.003960646900269542,0.004888018245870984,0.029546041777467676,0.9994479753768346,0.0026
spy_1h,8,1,velocity,371,0.07139137466307277,0.09815274031460786,0.11560420154331272,0.9742150322026347,0.23840000000000003
spy_1h,8,1,acceleration,371,0.11705929919137467,0.15224045192443542,0.28800418056679705,0.9037321179477554,0.27080000000000004
spy_1h,8,1,jerk,371,0.13549703504043129,0.1740668164923274,0.31238509519407787,0.870286397834839,0.10719999999999996
spy_1h,8,1,snap,371,0.14853126684636117,0.19016126643108436,0.34442032891909835,0.8484718681057057,0.07040000000000002
spy_1h,8,1,structure,371,0.017915363881401615,0.022652018944547762,0.21251914450061232,0.9853906781773486,0.012900000000000023
spy_1h,8,1,kinematics,371,0.028050134770889492,0.035615251586259514,0.3271152742960874,0.8631774251079329,0.038199999999999956
spy_1h,8,1,geometry,371,0.023840700808625336,0.030658231241497653,0.5744747182801281,0.6275006034364436,0.009000000000000008
spy_1h,8,1,information,371,0.020017250673854445,0.02619720669869244,0.22916142729083513,0.9404675401327566,0.0030999999999999917
spy_1h,8,1,propagation,371,0.06870026954177898,0.08482280913048719,0.6175305127350922,0.805165067535299,0.07350000000000001
spy_1h,8,1,cascade_bias,371,0.1711301886792453,0.2218405623895094,0.832345275677263,0.5787772237629694,0.3752
spy_1h,8,1,scaling_exponent,371,0.10462183288409704,0.13765589261230152,0.6348412189568993,0.9321728814588724,0.08539999999999998
spy_2h,1,1,pressure,371,0.0,0.0,0.0,1.0,0.0
spy_2h,1,1,velocity,371,0.0,0.0,0.0,0.9999999999999999,0.0
spy_2h,1,1,acceleration,371,0.0,0.0,0.0,1.0,0.0
spy_2h,1,1,jerk,371,0.0,0.0,0.0,1.0,0.0
spy_2h,1,1,snap,371,0.0,0.0,0.0,1.0,0.0
spy_2h,1,1,structure,371,0.0,0.0,0.0,0.9999999999999999,0.0
spy_2h,1,1,kinematics,371,0.0,0.0,0.0,1.0,0.0
spy_2h,1,1,geometry,371,0.0,0.0,0.0,0.9999999999999999,0.0
spy_2h,1,1,information,371,0.0,0.0,0.0,1.0,0.0
spy_2h,1,1,propagation,371,0.0,0.0,0.0,1.0,0.0
spy_2h,1,1,cascade_bias,371,0.0,0.0,0.0,1.0,0.0
spy_2h,1,1,scaling_exponent,371,0.0,0.0,0.0,0.9999999999999999,0.0
spy_2h,2,1,pressure,371,0.001251752021563343,0.0017318017976394654,0.005054520579702577,0.9999724398742943,0.0006000000000000003
spy_2h,2,1,velocity,371,0.013523719676549866,0.01849816119658888,0.019858619201982182,0.9991620093195863,0.0012000000000000066
spy_2h,2,1,acceleration,371,0.039128301886792456,0.052727555872124195,0.09325143442991529,0.987387731289142,0.006000000000000005
spy_2h,2,1,jerk,371,0.06102911051212939,0.08367430763031386,0.12822588614797645,0.9656994595941512,0.06620000000000001
spy_2h,2,1,snap,371,0.07834959568733153,0.10754362081201513,0.1578038181013727,0.9431868377381839,0.039
spy_2h,2,1,structure,371,0.004501886792452829,0.005227034225299546,0.03159218801721282,0.9996251336749975,0.0016999999999999793
spy_2h,2,1,kinematics,371,0.013177088948787065,0.01720158505202026,0.1615829423517727,0.9599076732134223,0.01880000000000004
spy_2h,2,1,geometry,371,0.008811051212938,0.011200643753158795,0.22621440854783098,0.9361421470168679,0.008599999999999997
spy_2h,2,1,information,371,0.007830997304582211,0.010699433191526832,0.07910098287456781,0.9951876637186422,0.0040999999999999925
spy_2h,2,1,propagation,371,0.019167115902964958,0.024217033055825687,0.1715178156864873,0.9716963968147889,0.025499999999999967
spy_2h,2,1,cascade_bias,371,0.03139568733153639,0.040662852177015464,0.12631537852157065,0.9749623723717575,0.04290000000000002
spy_2h,2,1,scaling_exponent,371,0.0548398921832884,0.06977061221489296,0.3598418122263016,0.9659415124153623,0.04169999999999996
spy_2h,4,1,pressure,371,0.0023541778975741255,0.0033613868912822447,0.009506068635469921,0.9998498259069445,0.0012000000000000001
spy_2h,4,1,velocity,371,0.03749433962264151,0.052157114396889734,0.0550577674341285,0.9934318712343732,0.028599999999999993
spy_2h,4,1,acceleration,371,0.07998598382749325,0.10541259866293647,0.19062436565179516,0.9531557109508103,0.0945
spy_2h,4,1,jerk,371,0.10128355795148249,0.13291789492936168,0.21280293718138982,0.9156843137496882,0.2461
spy_2h,4,1,snap,371,0.11423477088948786,0.15144604431817504,0.2300801024964509,0.8888129377087787,0.28809999999999997
spy_2h,4,1,structure,371,0.012353638814016172,0.014617131698235392,0.08669220220362221,0.9968122989010675,0.0031999999999999806
spy_2h,4,1,kinematics,371,0.023864690026954176,0.031643261696318085,0.2926387495641223,0.8824706709058412,0.04710000000000003
spy_2h,4,1,geometry,371,0.016659568733153638,0.021493215252418433,0.4277167839063843,0.7682537043807053,0.009099999999999997
spy_2h,4,1,information,371,0.01668355795148248,0.021467794471275257,0.16852078738871198,0.9864507025520782,0.01799999999999996
spy_2h,4,1,propagation,371,0.04506846361185983,0.054495503907126534,0.403297213528947,0.8874424092009232,0.07050000000000001
spy_2h,4,1,cascade_bias,371,0.10379541778975741,0.13772333168945705,0.4176037730426772,0.7699294327863194,0.08610000000000001
spy_2h,4,1,scaling_exponent,371,0.07431940700808624,0.10128413703583765,0.48766015097169424,0.9117084134196541,0.06020000000000003
spy_2h,8,1,pressure,371,0.004421293800539084,0.006277948829787796,0.017852993339548092,0.9993997530234491,0.0028
spy_2h,8,1,velocity,371,0.07085175202156335,0.10037367514977608,0.10404075186720022,0.9750801402776448,0.05299999999999999
spy_2h,8,1,acceleration,371,0.1247900269541779,0.1678299982984001,0.29740235213102456,0.8876602794881199,0.4093
spy_2h,8,1,jerk,371,0.14515067385444744,0.18852791116545503,0.30497042515904493,0.8546753872857984,0.49470000000000003
spy_2h,8,1,snap,371,0.15247196765498652,0.20139929770459222,0.3070935904430746,0.8276631976025663,0.4572
spy_2h,8,1,structure,371,0.01884474393530997,0.02238756634126711,0.13224381708989447,0.9928309658406557,0.005099999999999993
spy_2h,8,1,kinematics,371,0.03359272237196766,0.042330247321211496,0.41192792608176154,0.8138776862418927,0.09870000000000001
spy_2h,8,1,geometry,371,0.024508086253369272,0.031672490550664636,0.6292191592649375,0.6119689682410473,0.005199999999999982
spy_2h,8,1,information,371,0.016941509433962262,0.023451081734140705,0.17112635791881078,0.9702786525894292,0.032200000000000006
spy_2h,8,1,propagation,371,0.06860296495956873,0.08362291194174747,0.6138967781616887,0.7662387422662303,0.04349999999999998
spy_2h,8,1,cascade_bias,371,0.19551051212938006,0.2613091548215083,0.7866043537693826,0.45401077154195807,0.10740000000000001
spy_2h,8,1,scaling_exponent,371,0.0781533692722372,0.11126008394893225,0.5128173836760969,0.8846140821802834,0.05030000000000001
spy_4h,1,1,pressure,371,0.0,0.0,0.0,1.0,0.0
spy_4h,1,1,velocity,371,0.0,0.0,0.0,1.0,0.0
spy_4h,1,1,acceleration,371,0.0,0.0,0.0,1.0,0.0
spy_4h,1,1,jerk,371,0.0,0.0,0.0,0.9999999999999998,0.0
spy_4h,1,1,snap,371,0.0,0.0,0.0,1.0,0.0
spy_4h,1,1,structure,371,0.0,0.0,0.0,1.0,0.0
spy_4h,1,1,kinematics,371,0.0,0.0,0.0,1.0,0.0
spy_4h,1,1,geometry,371,0.0,0.0,0.0,0.9999999999999998,0.0
spy_4h,1,1,information,371,0.0,0.0,0.0,0.9999999999999999,0.0
spy_4h,1,1,propagation,371,0.0,0.0,0.0,1.0,0.0
spy_4h,1,1,cascade_bias,371,0.0,0.0,0.0,1.0,0.0
spy_4h,1,1,scaling_exponent,371,0.0,0.0,0.0,1.0,0.0
spy_4h,2,1,pressure,371,0.0008633423180592998,0.0013271882200458893,0.010798528055776108,0.999967897909055,0.0
spy_4h,2,1,velocity,371,0.012148517520215632,0.016536335064290714,0.020145124815878667,0.999257180673309,0.03210000000000002
spy_4h,2,1,acceleration,371,0.03423072776280323,0.046322580988476476,0.08063775680283447,0.9912065217976448,0.0685
spy_4h,2,1,jerk,371,0.05115902964959569,0.07038202646695879,0.12092903829239023,0.9754733403510014,0.009100000000000025
spy_4h,2,1,snap,371,0.06518032345013476,0.08993941971309823,0.17164008808462083,0.9572149032362857,0.0248
spy_4h,2,1,structure,371,0.0039008086253369285,0.004287341110821378,0.05122532666233652,0.999585481977115,0.0040000000000000036
spy_4h,2,1,kinematics,371,0.0118366576819407,0.015573024226461328,0.1720444430514636,0.9637866441159157,0.00030000000000002247
spy_4h,2,1,geometry,371,0.010059299191374662,0.012350961637430189,0.1864559627687611,0.9557295576560277,0.008799999999999975
spy_4h,2,1,information,371,0.010307008086253372,0.013360470923152738,0.15628518705463804,0.9938360040784298,0.008000000000000007
spy_4h,2,1,propagation,371,0.02014123989218329,0.025612826343755266,0.15815657551773285,0.9719334995763219,0.0042000000000000925
spy_4h,2,1,cascade_bias,371,0.036297843665768194,0.0488001438842826,0.13220849996637477,0.9719851313672048,0.024799999999999933
spy_4h,2,1,scaling_exponent,371,0.030600269541778972,0.043120665960582026,0.1578961276665582,0.9871769052491114,0.08840000000000003
spy_4h,4,1,pressure,371,0.0016398921832884111,0.0026012644654873174,0.020511471961080812,0.999816418674637,0.00010000000000000113
spy_4h,4,1,velocity,371,0.033954986522911054,0.04521902820859135,0.056305424961298485,0.9946067876826179,0.020300000000000012
spy_4h,4,1,acceleration,371,0.06948733153638814,0.08865081109204602,0.16369218265344673,0.9694395475324394,0.0811
spy_4h,4,1,jerk,371,0.08707169811320756,0.11159327381212461,0.20581892947218425,0.9415437598913895,0.001600000000000018
spy_4h,4,1,snap,371,0.09765363881401617,0.12666022368585547,0.25715243927324866,0.9213492365866156,0.0053
spy_4h,4,1,structure,371,0.009645283018867927,0.010719928792457714,0.12666162861284203,0.9976967078027275,0.01150000000000001
spy_4h,4,1,kinematics,371,0.01741266846361186,0.02262081609391485,0.2530911113897072,0.9299332238066373,0.014600000000000002
spy_4h,4,1,geometry,371,0.017839892183288412,0.022264252226915675,0.3306745539071068,0.8668662272565602,0.020100000000000007
spy_4h,4,1,information,371,0.013333153638814016,0.018548347257473577,0.2021706389509329,0.9829568922760625,0.025699999999999945
spy_4h,4,1,propagation,371,0.04203477088948787,0.05169834883472775,0.33007279850402704,0.907789644257788,0.0746
spy_4h,4,1,cascade_bias,371,0.09667789757412398,0.12351424822596296,0.3521322075182079,0.8531671619879245,0.07329999999999998
spy_4h,4,1,scaling_exponent,371,0.041915902964959575,0.06096788514347472,0.21628432902455924,0.9730155816446526,0.11550000000000005
spy_4h,8,1,pressure,371,0.0030490566037735855,0.004802313009643126,0.038137043199169295,0.9992765031971547,0.0015000000000000013
spy_4h,8,1,velocity,371,0.06552452830188679,0.0869221075232321,0.10865521648600743,0.9787147715849573,0.1501
spy_4h,8,1,acceleration,371,0.11546280323450135,0.14825215397770666,0.2719971807644319,0.9170346411596692,0.0933
spy_4h,8,1,jerk,371,0.12885390835579516,0.17028260955218819,0.3045831659515309,0.8809728629169993,0.1546
spy_4h,8,1,snap,371,0.14149353099730458,0.1841419598425711,0.37259652665517995,0.8596682498937305,0.1541
spy_4h,8,1,structure,371,0.01563989218328841,0.017992773332182244,0.20538269446209326,0.9931632632175766,0.016500000000000015
spy_4h,8,1,kinematics,371,0.027016981132075474,0.03513504367153311,0.3926886792452829,0.8460803227571791,0.027600000000000013
spy_4h,8,1,geometry,371,0.023504851752021563,0.030287310197996284,0.43567843840633114,0.7189702958683375,0.007199999999999984
spy_4h,8,1,information,371,0.017120215633423183,0.024271607762903276,0.2595938685886762,0.9621674020691012,0.035699999999999954
spy_4h,8,1,propagation,371,0.06474097035040431,0.08011165809545596,0.5083703992964608,0.8225422535217093,0.12420000000000009
spy_4h,8,1,cascade_bias,371,0.18039514824797845,0.23279490817506554,0.657057542334651,0.640856513364182,0.5993999999999999
spy_4h,8,1,scaling_exponent,371,0.045077628032345024,0.06608365318540464,0.2325986998573015,0.9659486974240479,0.10240000000000005
spy_1d,1,1,pressure,621,0.0,0.0,0.0,1.0,0.0
spy_1d,1,1,velocity,621,0.0,0.0,0.0,0.9999999999999999,0.0
spy_1d,1,1,acceleration,621,0.0,0.0,0.0,0.9999999999999998,0.0
spy_1d,1,1,jerk,621,0.0,0.0,0.0,0.9999999999999999,0.0
spy_1d,1,1,snap,621,0.0,0.0,0.0,1.0,0.0
spy_1d,1,1,structure,621,0.0,0.0,0.0,1.0,0.0
spy_1d,1,1,kinematics,621,0.0,0.0,0.0,1.0,0.0
spy_1d,1,1,geometry,621,0.0,0.0,0.0,1.0,0.0
spy_1d,1,1,information,621,0.0,0.0,0.0,0.9999999999999999,0.0
spy_1d,1,1,propagation,621,0.0,0.0,0.0,0.9999999999999999,0.0
spy_1d,1,1,cascade_bias,621,0.0,0.0,0.0,0.9999999999999999,0.0
spy_1d,1,1,scaling_exponent,621,0.0,0.0,0.0,1.0,0.0
spy_1d,2,1,pressure,621,0.0010898550724637683,0.0014759914378605595,0.006460314596702836,0.9999592159294246,0.0008000000000000021
spy_1d,2,1,velocity,621,0.012679710144927537,0.016563186485028844,0.018384384725137797,0.9994088515952367,0.017600000000000005
spy_1d,2,1,acceleration,621,0.028793558776167474,0.03850820896653055,0.06038917528558615,0.9950440357440172,0.01579999999999998
spy_1d,2,1,jerk,621,0.038970692431561996,0.05475402852111857,0.07174280639094624,0.9876969147384683,0.02889999999999998
spy_1d,2,1,snap,621,0.050672141706924315,0.07118655606851149,0.08841762642981037,0.9786219667188312,0.0189
spy_1d,2,1,structure,621,0.0033766505636070835,0.004139902446982462,0.02878644981762219,0.9993136214156881,0.003400000000000014
spy_1d,2,1,kinematics,621,0.011066505636070855,0.014510264566084858,0.15564705535964635,0.9661931976656923,0.006599999999999995
spy_1d,2,1,geometry,621,0.00799694041867955,0.010180215886273892,0.17384653084085985,0.9579364817020803,0.022299999999999986
spy_1d,2,1,information,621,0.00807938808373591,0.011117852785659969,0.07007275007576677,0.9954572418926578,0.00990000000000002
spy_1d,2,1,propagation,621,0.019870531400966184,0.024348455363388675,0.15845718820547203,0.9764263794532921,0.013599999999999945
spy_1d,2,1,cascade_bias,621,0.033941867954911435,0.04731489826073296,0.13094856464086202,0.9767579883792794,0.016799999999999926
spy_1d,2,1,scaling_exponent,621,0.03354718196457327,0.0489233578532718,0.17628576965093676,0.9859361161874414,0.0039000000000000146
spy_1d,4,1,pressure,621,0.0020342995169082127,0.002775226848019998,0.012058681190920052,0.9997811274773653,0.0025000000000000022
spy_1d,4,1,velocity,621,0.03701304347826087,0.04891347268374938,0.05366542479086686,0.9948030036839903,0.043999999999999984
spy_1d,4,1,acceleration,621,0.06866602254428342,0.09375213388875825,0.14401430902744006,0.9669818023619599,0.08710000000000001
spy_1d,4,1,jerk,621,0.08882238325281805,0.12175788368038137,0.16351690584097578,0.9383416428889136,0.0821
spy_1d,4,1,snap,621,0.09287729468599033,0.1301553053489061,0.16206123658347643,0.9292368208168603,0.0814
spy_1d,4,1,structure,621,0.009807568438003221,0.011867158568754957,0.08361098412619966,0.9960877602205734,0.009000000000000008
spy_1d,4,1,kinematics,621,0.019608856682769724,0.025388260756085707,0.2757926397014026,0.9006705863015613,0.0032999999999999696
spy_1d,4,1,geometry,621,0.015218679549114333,0.01888932593981446,0.33084085976335514,0.8470858848339758,0.03860000000000002
spy_1d,4,1,information,621,0.015705475040257648,0.020054107566126,0.13621400728757715,0.9827885741875042,0.02839999999999998
spy_1d,4,1,propagation,621,0.04426843800322061,0.053774013472677885,0.353017846915635,0.9091457907757831,0.007600000000000051
spy_1d,4,1,cascade_bias,621,0.08763091787439614,0.11668402700374197,0.3380822448857876,0.896989072325115,0.1507
spy_1d,4,1,scaling_exponent,621,0.04607954911433172,0.07114350967870638,0.24214161384304633,0.9690049171909937,0.013500000000000068
spy_1d,8,1,pressure,621,0.0038040257648953306,0.0050714428924392065,0.022549056104892298,0.9991612158380777,0.006999999999999999
spy_1d,8,1,velocity,621,0.07164653784219002,0.09643032469160738,0.10388072762387998,0.9788517683950311,0.11499999999999999
spy_1d,8,1,acceleration,621,0.111056038647343,0.14998424479791417,0.23291954414291735,0.9204229733568834,0.154
spy_1d,8,1,jerk,621,0.12252866344605474,0.1684457058796916,0.2255682316753585,0.895445882520777,0.02990000000000001
spy_1d,8,1,snap,621,0.1269122383252818,0.17224974205870808,0.22144867968117576,0.8901543840568451,0.0814
spy_1d,8,1,structure,621,0.017982769726247988,0.021521608435003864,0.1533057947676725,0.988749066868191,0.016200000000000048
spy_1d,8,1,kinematics,621,0.026443800322061194,0.03425489139584394,0.3719240551626047,0.8460947380093274,0.004400000000000015
spy_1d,8,1,geometry,621,0.026051046698872787,0.03335034469302105,0.5663271021494086,0.5488260533136864,0.062
spy_1d,8,1,information,621,0.02731400966183575,0.034530603010712306,0.23689514017203597,0.9383305473962242,0.002599999999999991
spy_1d,8,1,propagation,621,0.07152415458937197,0.08646494444777889,0.5703680589264115,0.7834749059121769,0.04310000000000003
spy_1d,8,1,cascade_bias,621,0.17854235104669888,0.23755701856447675,0.6888207987912766,0.7087740830934683,0.010199999999999987
spy_1d,8,1,scaling_exponent,621,0.056334299516908215,0.09227823623394449,0.29602889919552394,0.9442694562496823,0.020399999999999974
spy_1w,1,1,pressure,371,0.0,0.0,0.0,0.9999999999999999,0.0
spy_1w,1,1,velocity,371,0.0,0.0,0.0,0.9999999999999999,0.0
spy_1w,1,1,acceleration,371,0.0,0.0,0.0,1.0,0.0
spy_1w,1,1,jerk,371,0.0,0.0,0.0,0.9999999999999999,0.0
spy_1w,1,1,snap,371,0.0,0.0,0.0,1.0,0.0
spy_1w,1,1,structure,371,0.0,0.0,0.0,1.0,0.0
spy_1w,1,1,kinematics,371,0.0,0.0,0.0,1.0,0.0
spy_1w,1,1,geometry,371,0.0,0.0,0.0,0.9999999999999998,0.0
spy_1w,1,1,information,371,0.0,0.0,0.0,0.9999999999999999,0.0
spy_1w,1,1,propagation,371,0.0,0.0,0.0,1.0,0.0
spy_1w,1,1,cascade_bias,371,0.0,0.0,0.0,1.0,0.0
spy_1w,1,1,scaling_exponent,371,0.0,0.0,0.0,1.0,0.0
spy_1w,2,1,pressure,371,0.0013377358490566044,0.0015673814583944143,0.007523823672984276,0.999967955618315,0.0002999999999999947
spy_1w,2,1,velocity,371,0.012909973045822105,0.016954673997172705,0.018965730932601885,0.9994174075818426,0.01949999999999999
spy_1w,2,1,acceleration,371,0.0307544474393531,0.04214564370156028,0.06210510387591499,0.9940726685842238,0.02919999999999999
spy_1w,2,1,jerk,371,0.04633800539083558,0.06238283119602977,0.07685215256793362,0.9854961613301992,0.0984
spy_1w,2,1,snap,371,0.058470619946091644,0.08216241689073017,0.09328433303460695,0.9733406225888294,0.1467
spy_1w,2,1,structure,371,0.0031644204851752054,0.00383401572112912,0.02141015213244388,0.9996321932443297,0.0046000000000000485
spy_1w,2,1,kinematics,371,0.012468733153638813,0.01667729463474912,0.16747794699313379,0.9535363087631753,0.007499999999999951
spy_1w,2,1,geometry,371,0.007556603773584905,0.010257581510115223,0.24181132075471695,0.9552264791496867,0.0050000000000000044
spy_1w,2,1,information,371,0.008188679245283022,0.011336870649284063,0.08131756946656427,0.9939772239605913,0.0030000000000000027
spy_1w,2,1,propagation,371,0.01724097035040431,0.021540173712343905,0.13086125503153184,0.9813999491560595,0.02639999999999998
spy_1w,2,1,cascade_bias,371,0.03158760107816712,0.04293210963528172,0.08457189043685975,0.9840104333331926,0.015700000000000047
spy_1w,2,1,scaling_exponent,371,0.038190296495956864,0.04802662446687192,0.15700019114473535,0.9934100302747784,0.010500000000000065
spy_1w,4,1,pressure,371,0.002115363881401618,0.0025697283987080595,0.011897434653552405,0.9998477808891227,0.0007999999999999952
spy_1w,4,1,velocity,371,0.03451401617250674,0.045661114588287754,0.050703711139278296,0.9959308537634647,0.02210000000000001
spy_1w,4,1,acceleration,371,0.06197789757412399,0.08315840338720047,0.12515730527892566,0.9746616870834897,0.026199999999999987
spy_1w,4,1,jerk,371,0.08117628032345013,0.11172922070840653,0.1346318605580067,0.9498048246370879,0.16770000000000002
spy_1w,4,1,snap,371,0.0903576819407008,0.12658247612310136,0.14415711860354308,0.9358990541437453,0.2662
spy_1w,4,1,structure,371,0.009353369272237198,0.010832392522559514,0.06328395989335046,0.9981885418542623,0.012399999999999967
spy_1w,4,1,kinematics,371,0.018300000000000004,0.02337913173193315,0.2458025520483546,0.9071909788428338,0.007499999999999951
spy_1w,4,1,geometry,371,0.015012398921832882,0.018981878150309772,0.48039676549865223,0.84111190439543,0.016300000000000037
spy_1w,4,1,information,371,0.017618867924528304,0.025452470370838993,0.17496393172322047,0.968640674249161,0.007500000000000007
spy_1w,4,1,propagation,371,0.04402749326145553,0.05396268352239356,0.3341745219085811,0.9168187098125775,0.05730000000000002
spy_1w,4,1,cascade_bias,371,0.10048760107816712,0.1316136954302167,0.2690431086430177,0.8649118477132657,0.05940000000000001
spy_1w,4,1,scaling_exponent,371,0.06311617250673854,0.08125669468583402,0.2594703905724092,0.9805272627999015,0.0494
spy_1w,8,1,pressure,371,0.0036339622641509443,0.004690628381055616,0.020438482925483375,0.9993588180460257,0.0019000000000000128
spy_1w,8,1,velocity,371,0.0670477088948787,0.0909818027775757,0.09849817672231334,0.9810541421351333,0.1369
spy_1w,8,1,acceleration,371,0.11502587601078167,0.1523055246213632,0.2322816559183798,0.9164730836046491,0.041400000000000006
spy_1w,8,1,jerk,371,0.12611698113207548,0.1668523397750529,0.20916656626930175,0.8978619310804361,0.0464
spy_1w,8,1,snap,371,0.13753072776280323,0.18282302380265186,0.2194172427613325,0.875237841800435,0.3199
spy_1w,8,1,structure,371,0.018312668463611865,0.020757798521541648,0.1239016810799179,0.9959932064745746,0.016199999999999992
spy_1w,8,1,kinematics,371,0.02572857142857143,0.033053839523989166,0.3455818862131823,0.8217692985007835,0.010099999999999998
spy_1w,8,1,geometry,371,0.022050404312668467,0.027788641535396248,0.7056129380053909,0.6617345225320295,0.04710000000000003
spy_1w,8,1,information,371,0.020753369272237192,0.026367980153179926,0.2060910553350267,0.9574961628335458,0.0023000000000000242
spy_1w,8,1,propagation,371,0.07054285714285714,0.08426062091627835,0.5354296557332614,0.8427823983052585,0.07179999999999997
spy_1w,8,1,cascade_bias,371,0.161722102425876,0.2064718029605732,0.432990903416,0.7032028793431718,0.34650000000000003
spy_1w,8,1,scaling_exponent,371,0.07950404312668462,0.1077366795914003,0.3268408761631434,0.9607573390815365,0.0413
qqq_1d,1,1,pressure,621,0.0,0.0,0.0,0.9999999999999999,0.0
qqq_1d,1,1,velocity,621,0.0,0.0,0.0,0.9999999999999999,0.0
qqq_1d,1,1,acceleration,621,0.0,0.0,0.0,1.0,0.0
qqq_1d,1,1,jerk,621,0.0,0.0,0.0,1.0,0.0
qqq_1d,1,1,snap,621,0.0,0.0,0.0,1.0,0.0
qqq_1d,1,1,structure,621,0.0,0.0,0.0,0.9999999999999998,0.0
qqq_1d,1,1,kinematics,621,0.0,0.0,0.0,0.9999999999999999,0.0
qqq_1d,1,1,geometry,621,0.0,0.0,0.0,1.0,0.0
qqq_1d,1,1,information,621,0.0,0.0,0.0,1.0,0.0
qqq_1d,1,1,propagation,621,0.0,0.0,0.0,0.9999999999999999,0.0
qqq_1d,1,1,cascade_bias,621,0.0,0.0,0.0,1.0,0.0
qqq_1d,1,1,scaling_exponent,621,0.0,0.0,0.0,1.0,0.0
qqq_1d,2,1,pressure,621,0.0010753623188405794,0.0014595457348137067,0.007107483931530598,0.999965465787758,0.0010000000000000009
qqq_1d,2,1,velocity,621,0.012714331723027375,0.0172039045487653,0.017787257586775847,0.9993288086531118,0.010000000000000009
qqq_1d,2,1,acceleration,621,0.02927906602254428,0.04049059432341598,0.06403995193032432,0.9938357499178483,0.015699999999999992
qqq_1d,2,1,jerk,621,0.04192946859903381,0.05743395647069438,0.08135325688597947,0.9860304637179658,0.03
qqq_1d,2,1,snap,621,0.05328357487922706,0.07307073878335024,0.1015312021326735,0.9765651456779585,0.017100000000000004
qqq_1d,2,1,structure,621,0.0035357487922705335,0.004159619160692093,0.033230721731865934,0.999390885063307,0.0040999999999999925
qqq_1d,2,1,kinematics,621,0.01116392914653784,0.014289094746114814,0.14728138715749134,0.9673568339561852,0.0026000000000000467
qqq_1d,2,1,geometry,621,0.00835571658615137,0.010576887420409927,0.1860961377761998,0.9540266429640331,0.01870000000000005
qqq_1d,2,1,information,621,0.007190982286634461,0.009390211438165926,0.06597231455627947,0.9972280633543068,0.008500000000000008
qqq_1d,2,1,propagation,621,0.019386634460547506,0.02431767049346346,0.14109632067356268,0.9756586558998447,0.016900000000000026
qqq_1d,2,1,cascade_bias,621,0.03244202898550724,0.043905681921500184,0.12015566290928607,0.97678340403687,0.01100000000000001
qqq_1d,2,1,scaling_exponent,621,0.02290805152979066,0.03963412439331946,0.12217627482555016,0.9873362991943935,0.005299999999999971
qqq_1d,4,1,pressure,621,0.00195475040257649,0.0026907218170855976,0.012919698629058096,0.9998187479216131,0.002599999999999998
qqq_1d,4,1,velocity,621,0.03540837359098229,0.04836627995863479,0.049536057066287484,0.9946354724178368,0.030400000000000038
qqq_1d,4,1,acceleration,621,0.07046425120772946,0.09750614159607231,0.15412128435636363,0.9634886784635625,0.10519999999999999
qqq_1d,4,1,jerk,621,0.08468454106280193,0.11568424353773746,0.16430838390143954,0.9436323156958141,0.1079
qqq_1d,4,1,snap,621,0.08790112721417069,0.12246064391292592,0.16749452594163622,0.9355400085216153,0.1199
qqq_1d,4,1,structure,621,0.009698067632850242,0.011495315155810256,0.09114725218844218,0.9959279844077061,0.007099999999999995
qqq_1d,4,1,kinematics,621,0.019656038647342992,0.025131055522815218,0.2593144940282717,0.9037851173377782,0.012699999999999989
qqq_1d,4,1,geometry,621,0.01570805152979066,0.019807336512265978,0.34984524565235325,0.8462516777920188,0.03150000000000003
qqq_1d,4,1,information,621,0.013283091787439612,0.017609960034922337,0.12186322740770288,0.9865108545551463,0.01770000000000002
qqq_1d,4,1,propagation,621,0.041856038647343,0.05178918028745986,0.3046291022368487,0.9080075088899334,0.057700000000000085
qqq_1d,4,1,cascade_bias,621,0.08501787439613526,0.11528532866254455,0.3148810162819824,0.8907549628191419,0.13070000000000004
qqq_1d,4,1,scaling_exponent,621,0.03626666666666666,0.06717629772356772,0.19342222222222213,0.9632039871805478,0.008599999999999997
qqq_1d,8,1,pressure,621,0.0036064412238325278,0.004855247671508717,0.02383635970808016,0.9993123285102005,0.0051
qqq_1d,8,1,velocity,621,0.06641739130434782,0.09292262273755042,0.09291744726405682,0.980139349571485,0.0514
qqq_1d,8,1,acceleration,621,0.1070512077294686,0.14722565906115123,0.23414524875211853,0.9223621004709017,0.009899999999999992
qqq_1d,8,1,jerk,621,0.11472479871175521,0.15680861957272227,0.22259371112098414,0.9087357726005669,0.0675
qqq_1d,8,1,snap,621,0.11767536231884058,0.16124908108689723,0.22422896783315657,0.9009016282332696,0.21699999999999997
qqq_1d,8,1,structure,621,0.015986312399355877,0.018864430740999437,0.1502472969864275,0.9902782730350695,0.008099999999999996
qqq_1d,8,1,kinematics,621,0.026169404186795493,0.03469995382549008,0.34524279929809365,0.8398894898397126,0.019000000000000017
qqq_1d,8,1,geometry,621,0.024435426731078902,0.03091216271215382,0.544218858153205,0.6100809962704244,0.0645
qqq_1d,8,1,information,621,0.019415780998389694,0.024833827119559858,0.17812643117788712,0.9653789652949432,0.01689999999999997
qqq_1d,8,1,propagation,621,0.06829806763285025,0.08455665843866111,0.49707472804112274,0.7977375533012454,0.08340000000000003
qqq_1d,8,1,cascade_bias,621,0.1711049919484702,0.22788406557500934,0.6337221924017414,0.6904945321926607,0.14100000000000001
qqq_1d,8,1,scaling_exponent,621,0.04685104669887279,0.08795322712118411,0.24987224906065483,0.938651713983271,0.008299999999999974
iwm_1d,1,1,pressure,621,0.0,0.0,0.0,1.0,0.0
iwm_1d,1,1,velocity,621,0.0,0.0,0.0,1.0,0.0
iwm_1d,1,1,acceleration,621,0.0,0.0,0.0,1.0,0.0
iwm_1d,1,1,jerk,621,0.0,0.0,0.0,1.0,0.0
iwm_1d,1,1,snap,621,0.0,0.0,0.0,1.0,0.0
iwm_1d,1,1,structure,621,0.0,0.0,0.0,1.0,0.0
iwm_1d,1,1,kinematics,621,0.0,0.0,0.0,0.9999999999999999,0.0
iwm_1d,1,1,geometry,621,0.0,0.0,0.0,0.9999999999999998,0.0
iwm_1d,1,1,information,621,0.0,0.0,0.0,1.0,0.0
iwm_1d,1,1,propagation,621,0.0,0.0,0.0,0.9999999999999999,0.0
iwm_1d,1,1,cascade_bias,621,0.0,0.0,0.0,1.0,0.0
iwm_1d,1,1,scaling_exponent,621,0.0,0.0,0.0,0.9999999999999998,0.0
iwm_1d,2,1,pressure,621,0.0008840579710144926,0.0011173496361210193,0.008103189468510472,0.9999677282878819,0.0005000000000000004
iwm_1d,2,1,velocity,621,0.01147890499194847,0.01523343639961328,0.018122679178952432,0.999435121525686,0.01090000000000002
iwm_1d,2,1,acceleration,621,0.030891143317230273,0.040997034966036766,0.06535041954142219,0.9939559317911771,0.04629999999999998
iwm_1d,2,1,jerk,621,0.04296376811594203,0.060310633223928066,0.08235339872712676,0.9847447129552076,0.10229999999999997
iwm_1d,2,1,snap,621,0.05261674718196457,0.07451032826201591,0.09297887821516977,0.9760024151550688,0.1614
iwm_1d,2,1,structure,621,0.0028803542673107906,0.0035266982638329563,0.04204896740599694,0.9989511211999635,0.0048000000000000265
iwm_1d,2,1,kinematics,621,0.011845088566827696,0.015552424460586665,0.15985274719065717,0.9617104878578123,0.04569999999999996
iwm_1d,2,1,geometry,621,0.009389210950080516,0.011848644921400503,0.1904505263708015,0.9554732016943316,0.008599999999999997
iwm_1d,2,1,information,621,0.008103220611916265,0.01086332674436848,0.08502854786900589,0.9949640441878275,0.010099999999999998
iwm_1d,2,1,propagation,621,0.019797584541062802,0.02455581010644725,0.16069467971641874,0.974383331041349,0.027799999999999936
iwm_1d,2,1,cascade_bias,621,0.03264863123993559,0.044222337897064264,0.13463353088633234,0.9742361463193662,9.999999999998899e-05
iwm_1d,2,1,scaling_exponent,621,0.03200692431561997,0.04420348806924543,0.18093230251905013,0.9758111670341784,0.07700000000000007
iwm_1d,4,1,pressure,621,0.0014911433172302743,0.0018975023841636153,0.013667674768380149,0.9998425606043184,0.0015000000000000013
iwm_1d,4,1,velocity,621,0.03367294685990338,0.04520154846791137,0.05316221480881494,0.9949138511763869,0.07850000000000001
iwm_1d,4,1,acceleration,621,0.07311835748792271,0.0975959884243289,0.15468237251517392,0.9628800380117358,0.091
iwm_1d,4,1,jerk,621,0.09110112721417069,0.12277547369250374,0.17462359059645519,0.9362191762271882,0.1152
iwm_1d,4,1,snap,621,0.09850660225442835,0.1337145234603145,0.17407068785020033,0.9247114095916645,0.1291
iwm_1d,4,1,structure,621,0.008502737520128825,0.010358423645452985,0.124127555038377,0.9922105118703576,0.011900000000000022
iwm_1d,4,1,kinematics,621,0.0206962962962963,0.02666852952430501,0.279302244214525,0.885590105355489,0.06719999999999998
iwm_1d,4,1,geometry,621,0.015441062801932368,0.018913445106513552,0.3132061420270256,0.8778654763925586,0.021600000000000008
iwm_1d,4,1,information,621,0.014438003220611915,0.019890600957266823,0.1515005584534303,0.9810597247504759,0.006799999999999973
iwm_1d,4,1,propagation,621,0.04575378421900161,0.05586000113003925,0.37137811866072706,0.885287102451048,0.07499999999999996
iwm_1d,4,1,cascade_bias,621,0.08393365539452495,0.10918985710829607,0.34611816657536065,0.8662911322282864,0.015799999999999925
iwm_1d,4,1,scaling_exponent,621,0.04822898550724637,0.06808354794519123,0.2726341747159207,0.9457828301455912,0.06110000000000004
iwm_1d,8,1,pressure,621,0.002680998389694042,0.003409178196315808,0.024573770757965557,0.9993843439719777,0.004600000000000007
iwm_1d,8,1,velocity,621,0.06688438003220612,0.09237343781024092,0.10559580049290515,0.9777839895876939,0.10720000000000002
iwm_1d,8,1,acceleration,621,0.11593977455716585,0.15581294671473594,0.24527136568048624,0.9093285614376283,0.1225
iwm_1d,8,1,jerk,621,0.13403365539452494,0.17781836002685691,0.2569171082892945,0.8811726282169635,0.1583
iwm_1d,8,1,snap,621,0.13801578099838968,0.18488883703780393,0.24388722565539794,0.8749811470726068,0.0029
iwm_1d,8,1,structure,621,0.015610144927536233,0.018396947604410366,0.22788532740928805,0.9812395918118747,0.015600000000000003
iwm_1d,8,1,kinematics,621,0.028404186795491136,0.036458978779655836,0.38332235891351063,0.8145081354122804,0.05609999999999998
iwm_1d,8,1,geometry,621,0.023579549114331723,0.02988008589363946,0.4782870002907042,0.7246568982979995,0.02839999999999998
iwm_1d,8,1,information,621,0.022509822866344606,0.03038483709487026,0.23619961034989082,0.937924673767165,0.03370000000000001
iwm_1d,8,1,propagation,621,0.07210434782608695,0.08720198626761728,0.5852625635234326,0.7934466785437919,0.11409999999999998
iwm_1d,8,1,cascade_bias,621,0.1642988727858293,0.2130536996562089,0.6775211248900178,0.6302417562387529,0.016900000000000026
iwm_1d,8,1,scaling_exponent,621,0.05680434782608696,0.08440082661331742,0.3211099368348613,0.9201473221525112,0.03700000000000003
tlt_1d,1,1,pressure,621,0.0,0.0,0.0,1.0,0.0
tlt_1d,1,1,velocity,621,0.0,0.0,0.0,1.0,0.0
tlt_1d,1,1,acceleration,621,0.0,0.0,0.0,1.0,0.0
tlt_1d,1,1,jerk,621,0.0,0.0,0.0,1.0,0.0
tlt_1d,1,1,snap,621,0.0,0.0,0.0,0.9999999999999999,0.0
tlt_1d,1,1,structure,621,0.0,0.0,0.0,0.9999999999999998,0.0
tlt_1d,1,1,kinematics,621,0.0,0.0,0.0,1.0,0.0
tlt_1d,1,1,geometry,621,0.0,0.0,0.0,1.0,0.0
tlt_1d,1,1,information,621,0.0,0.0,0.0,1.0,0.0
tlt_1d,1,1,propagation,621,0.0,0.0,0.0,1.0,0.0
tlt_1d,1,1,cascade_bias,621,0.0,0.0,0.0,1.0,0.0
tlt_1d,1,1,scaling_exponent,621,0.0,0.0,0.0,1.0,0.0
tlt_1d,2,1,pressure,621,0.0008051529790660223,0.0009783156184357692,0.011388302391315733,0.9999531485373404,0.0005000000000000004
tlt_1d,2,1,velocity,621,0.013773429951690822,0.018750726448621843,0.020004981774423853,0.9991325092917902,0.010799999999999976
tlt_1d,2,1,acceleration,621,0.03409082125603865,0.04610817917458346,0.06899579286791874,0.9915630760440013,0.023299999999999987
tlt_1d,2,1,jerk,621,0.04903687600644123,0.06572809909979249,0.0973340135102049,0.9806752061006355,0.04859999999999998
tlt_1d,2,1,snap,621,0.061957487922705314,0.0845359550561918,0.10952357773149252,0.968231268341877,0.032299999999999995
tlt_1d,2,1,structure,621,0.0032848631239935583,0.0037210352134293646,0.08337216050745073,0.9985876111603793,0.00489999999999996
tlt_1d,2,1,kinematics,621,0.012527697262479872,0.016192770399301934,0.17947990347392373,0.9550686920965189,0.0030000000000000027
tlt_1d,2,1,geometry,621,0.010202093397745571,0.012720128089572718,0.2494399363751974,0.93616133210305,0.023299999999999987
tlt_1d,2,1,information,621,0.008661996779388084,0.011297860798183738,0.09550161829534816,0.9918911227004936,0.006900000000000017
tlt_1d,2,1,propagation,621,0.020084863123993556,0.025148094372409356,0.15877362153354596,0.9704532173288527,0.009500000000000064
tlt_1d,2,1,cascade_bias,621,0.03710418679549115,0.04967237995216981,0.1797683468773796,0.9631329278880398,0.0031999999999999806
tlt_1d,2,1,scaling_exponent,621,0.02064041867954912,0.027064495343762842,0.15744026452745324,0.9899859554527257,0.0049000000000000155
tlt_1d,4,1,pressure,621,0.0013404186795491144,0.0016809819996334843,0.01895924582106244,0.9997966431067601,0.00040000000000000105
tlt_1d,4,1,velocity,621,0.03666634460547504,0.04924965451868002,0.05325540247708793,0.9943510628730827,0.0020999999999999908
tlt_1d,4,1,acceleration,621,0.07228937198067632,0.09515956994445111,0.14630514466844025,0.9646575442955166,0.059699999999999975
tlt_1d,4,1,jerk,621,0.08868357487922707,0.11970197782143754,0.17602932687421013,0.93860365899887,0.012899999999999995
tlt_1d,4,1,snap,621,0.1015843800322061,0.13580244597106134,0.1795728832105464,0.9207570487271628,0.012199999999999989
tlt_1d,4,1,structure,621,0.008727697262479872,0.009848165347339304,0.2215151589461897,0.9926263257678217,0.009799999999999975
tlt_1d,4,1,kinematics,621,0.02061916264090177,0.026865287182431623,0.29540347623068447,0.882827101006909,0.032799999999999996
tlt_1d,4,1,geometry,621,0.016938003220611914,0.02079674623070203,0.414132108083421,0.8472011983551313,0.0044999999999999485
tlt_1d,4,1,information,621,0.016214009661835744,0.022603277732470742,0.17876526639289672,0.967496923265458,0.0030999999999999917
tlt_1d,4,1,propagation,621,0.03979130434782609,0.04919665981094595,0.3145557655954633,0.9124168152470211,0.030200000000000005
tlt_1d,4,1,cascade_bias,621,0.09092818035426732,0.11844887643410729,0.4405435094683494,0.8292635171851173,0.04370000000000002
tlt_1d,4,1,scaling_exponent,621,0.028604025764895333,0.039085212453409804,0.21818478844313757,0.9780592642318371,0.0010999999999999899
tlt_1d,8,1,pressure,621,0.0023634460547504025,0.0030468510182176892,0.03342922283946821,0.9991726159123742,0.00040000000000000105
tlt_1d,8,1,velocity,621,0.06851175523349437,0.09443273249347164,0.0995087221982489,0.9773764749494724,0.011999999999999955
tlt_1d,8,1,acceleration,621,0.11610869565217391,0.15449368976477212,0.23499027656784843,0.9091954315578595,0.1742
tlt_1d,8,1,jerk,621,0.12889033816425122,0.171784633685235,0.255836320294266,0.8852462835656509,0.1664
tlt_1d,8,1,snap,621,0.13769742351046702,0.186814201057056,0.2434106832428266,0.8634064538232401,0.040200000000000014
tlt_1d,8,1,structure,621,0.014007890499194847,0.015943121021007752,0.35553021571560534,0.9831484361477777,0.014600000000000002
tlt_1d,8,1,kinematics,621,0.027782447665056362,0.036129640656633384,0.3980293361755927,0.8168750959379323,0.012699999999999989
tlt_1d,8,1,geometry,621,0.024333333333333335,0.03107256894855657,0.5949470252648739,0.6637044377870716,0.0116
tlt_1d,8,1,information,621,0.02137745571658615,0.028483141890962033,0.23569410933391552,0.9406773789532332,0.008400000000000019
tlt_1d,8,1,propagation,621,0.0662452495974235,0.08205147151304305,0.5236778624302255,0.8220832048703866,0.0035999999999999366
tlt_1d,8,1,cascade_bias,621,0.17623236714975846,0.22483590269371262,0.8538389881286746,0.5578251108080658,0.018500000000000016
tlt_1d,8,1,scaling_exponent,621,0.03165008051529791,0.04574101374220134,0.2414193784538361,0.9650699484139892,0.0028000000000000247
gld_1d,1,1,pressure,621,0.0,0.0,0.0,0.9999999999999999,0.0
gld_1d,1,1,velocity,621,0.0,0.0,0.0,1.0,0.0
gld_1d,1,1,acceleration,621,0.0,0.0,0.0,1.0,0.0
gld_1d,1,1,jerk,621,0.0,0.0,0.0,1.0,0.0
gld_1d,1,1,snap,621,0.0,0.0,0.0,1.0,0.0
gld_1d,1,1,structure,621,0.0,0.0,0.0,0.9999999999999999,0.0
gld_1d,1,1,kinematics,621,0.0,0.0,0.0,0.9999999999999999,0.0
gld_1d,1,1,geometry,621,0.0,0.0,0.0,1.0,0.0
gld_1d,1,1,information,621,0.0,0.0,0.0,0.9999999999999998,0.0
gld_1d,1,1,propagation,621,0.0,0.0,0.0,1.0,0.0
gld_1d,1,1,cascade_bias,621,0.0,0.0,0.0,1.0,0.0
gld_1d,1,1,scaling_exponent,621,0.0,0.0,0.0,1.0,0.0
gld_1d,2,1,pressure,621,0.0010328502415458936,0.0013639952682423205,0.006050675111575241,0.9999826812754755,0.0007999999999999952
gld_1d,2,1,velocity,621,0.012598711755233494,0.017655834798033735,0.01954500737702993,0.9992235325980042,0.028200000000000003
gld_1d,2,1,acceleration,621,0.03263107890499195,0.044738293028724216,0.07168514697933205,0.992295558474797,0.06309999999999993
gld_1d,2,1,jerk,621,0.04321239935587762,0.06028581775895841,0.08154821542909532,0.9846937913271266,0.06370000000000003
gld_1d,2,1,snap,621,0.052761674718196455,0.07392327179394467,0.09647408066958578,0.9771315158287357,0.0557
gld_1d,2,1,structure,621,0.0034755233494363946,0.004181908354797211,0.026349684226204647,0.9996475230198818,0.007900000000000018
gld_1d,2,1,kinematics,621,0.012046859903381639,0.015832896002096537,0.1517236763650081,0.9645277018147712,0.010599999999999998
gld_1d,2,1,geometry,621,0.009123349436392916,0.011704049150000869,0.21217091712541675,0.9407956376955111,0.01809999999999995
gld_1d,2,1,information,621,0.010037037037037039,0.01240523628467362,0.09678917104182287,0.9947794379022215,0.017100000000000004
gld_1d,2,1,propagation,621,0.01977085346215781,0.02539547330553692,0.13422167998749363,0.9755554451607467,0.010499999999999954
gld_1d,2,1,cascade_bias,621,0.03382962962962963,0.045804059689704045,0.14346747086356929,0.971011360539048,0.014000000000000012
gld_1d,2,1,scaling_exponent,621,0.025154750402576486,0.03387416921157709,0.11320769758135235,0.9912933622709272,0.023600000000000065
gld_1d,4,1,pressure,621,0.0018391304347826086,0.002391083140112605,0.010774050584549553,0.9999038067846718,0.001700000000000007
gld_1d,4,1,velocity,621,0.035367149758454106,0.050372637819571964,0.05486681625574636,0.9935277210975011,0.0978
gld_1d,4,1,acceleration,621,0.07695346215780999,0.10672689490760218,0.16905417872981102,0.955519289325762,0.05019999999999991
gld_1d,4,1,jerk,621,0.09091706924315619,0.12550426794392971,0.17157401253662236,0.9362585074790637,0.0701
gld_1d,4,1,snap,621,0.09658260869565218,0.13245931651416962,0.17660012560916472,0.9289997248770177,0.0633
gld_1d,4,1,structure,621,0.008960869565217392,0.01079890776966418,0.06793684279922203,0.9976694766424024,0.013000000000000012
gld_1d,4,1,kinematics,621,0.01846731078904992,0.023926203639773616,0.23258577819962123,0.9199999509487268,0.04459999999999997
gld_1d,4,1,geometry,621,0.015974879227053138,0.020215034821890403,0.37150881923379403,0.8455755654627496,0.032999999999999974
gld_1d,4,1,information,621,0.014856199677938808,0.018195609617151456,0.14326132765611185,0.9833818729771878,0.034499999999999975
gld_1d,4,1,propagation,621,0.04181642512077295,0.05125293943104202,0.2838861175884111,0.9279515109973081,0.053100000000000036
gld_1d,4,1,cascade_bias,621,0.07172061191626408,0.09325717484582857,0.3041586595261412,0.8837925227591156,0.09409999999999996
gld_1d,4,1,scaling_exponent,621,0.03783800322061191,0.05424449421811458,0.17028804329708336,0.9744815131884222,0.01090000000000002
gld_1d,8,1,pressure,621,0.003328341384863124,0.0042548466255275625,0.019498192061295397,0.9996271134249318,0.002799999999999997
gld_1d,8,1,velocity,621,0.06531272141706924,0.0905716355125615,0.10132286909256785,0.9793402307148033,0.0363
gld_1d,8,1,acceleration,621,0.10990821256038648,0.14894602119651856,0.24145037908696498,0.9196924641336085,0.0044999999999999485
gld_1d,8,1,jerk,621,0.1267950080515298,0.171143054503155,0.23928101160885032,0.8955140548311125,0.010599999999999998
gld_1d,8,1,snap,621,0.13170595813204508,0.1799057345760088,0.2408227429732037,0.8846467260992538,0.045899999999999996
gld_1d,8,1,structure,621,0.01564009661835749,0.018806820721112616,0.11857541029838879,0.9935442908019636,0.02069999999999994
gld_1d,8,1,kinematics,621,0.027673107890499198,0.035602137662212964,0.34852780718512855,0.838915285597565,0.012799999999999978
gld_1d,8,1,geometry,621,0.025719323671497582,0.032768307565028874,0.5981238063138975,0.6008836313323215,0.06689999999999996
gld_1d,8,1,information,621,0.023522544283413847,0.03009606653056037,0.2268326353270379,0.9313839273773266,0.006099999999999994
gld_1d,8,1,propagation,621,0.06676795491143318,0.0835766441228298,0.45327871630300876,0.8162985113420835,0.09199999999999997
gld_1d,8,1,cascade_bias,621,0.1528244766505636,0.20097274496558387,0.6481105880006938,0.6671123866909435,0.2566
gld_1d,8,1,scaling_exponent,621,0.043612882447665056,0.06646370433220508,0.19627759877437023,0.9590726129891606,0.009800000000000031
uso_1d,1,1,pressure,621,0.0,0.0,0.0,1.0,0.0
uso_1d,1,1,velocity,621,0.0,0.0,0.0,0.9999999999999999,0.0
uso_1d,1,1,acceleration,621,0.0,0.0,0.0,1.0,0.0
uso_1d,1,1,jerk,621,0.0,0.0,0.0,0.9999999999999998,0.0
uso_1d,1,1,snap,621,0.0,0.0,0.0,1.0,0.0
uso_1d,1,1,structure,621,0.0,0.0,0.0,1.0,0.0
uso_1d,1,1,kinematics,621,0.0,0.0,0.0,0.9999999999999999,0.0
uso_1d,1,1,geometry,621,0.0,0.0,0.0,1.0,0.0
uso_1d,1,1,information,621,0.0,0.0,0.0,1.0,0.0
uso_1d,1,1,propagation,621,0.0,0.0,0.0,1.0,0.0
uso_1d,1,1,cascade_bias,621,0.0,0.0,0.0,0.9999999999999999,0.0
uso_1d,1,1,scaling_exponent,621,0.0,0.0,0.0,1.0,0.0
uso_1d,2,1,pressure,621,0.0008515297906602258,0.001123343296161328,0.009971074832086953,0.9999645581032367,0.0005999999999999998
uso_1d,2,1,velocity,621,0.01376876006441224,0.019161087614823196,0.01992584669234767,0.9990990534895915,0.012500000000000011
uso_1d,2,1,acceleration,621,0.03613333333333334,0.04989807485661281,0.0825716026812919,0.9900269785515059,0.044300000000000006
uso_1d,2,1,jerk,621,0.055611433172302736,0.07676712500466251,0.11111175459001547,0.9735056445102338,0.15360000000000001
uso_1d,2,1,snap,621,0.06944219001610305,0.09750829965913393,0.13650912132121695,0.9567096355900662,0.3165
uso_1d,2,1,structure,621,0.003111755233494365,0.0035128932063968475,0.06113468042228615,0.9995408331642025,0.0024000000000000132
uso_1d,2,1,kinematics,621,0.012883735909822867,0.01698737619765087,0.18564460965162627,0.9528242820968431,0.0044999999999999485
uso_1d,2,1,geometry,621,0.010440418679549113,0.013092317448315705,0.2083915904101618,0.9402041231584868,0.006199999999999983
uso_1d,2,1,information,621,0.01100354267310789,0.013245579580444948,0.10703835285124401,0.9925189944243792,0.006700000000000039
uso_1d,2,1,propagation,621,0.021576489533011275,0.026877353096999807,0.15216142124831655,0.9729800486153751,0.026000000000000023
uso_1d,2,1,cascade_bias,621,0.04374685990338164,0.057368273815583036,0.18458590676532338,0.9595051366434458,0.0655
uso_1d,2,1,scaling_exponent,621,0.016482769726247983,0.024962444577634326,0.08379649072825612,0.9917621437988214,0.008199999999999985
uso_1d,4,1,pressure,621,0.0014447665056360713,0.0018955749810695124,0.016917640581218633,0.9998475983874833,0.002700000000000001
uso_1d,4,1,velocity,621,0.035271175523349435,0.048210571067359306,0.05104366935361712,0.9945956284078746,0.010299999999999976
uso_1d,4,1,acceleration,621,0.0694756843800322,0.09460642245155519,0.15876527509148125,0.9657982588707674,0.24930000000000002
uso_1d,4,1,jerk,621,0.08992141706924316,0.11747132544896868,0.17966317096751883,0.9402513968642464,0.19069999999999998
uso_1d,4,1,snap,621,0.09996795491143318,0.13461979125097961,0.19651652233425043,0.9207257118986863,0.0471
uso_1d,4,1,structure,621,0.007577133655394523,0.008885220861546105,0.14886313664822245,0.9964263103785976,0.0041999999999999815
uso_1d,4,1,kinematics,621,0.019495974235104668,0.025099292674368796,0.2809218189496349,0.9015329233397814,0.019100000000000006
uso_1d,4,1,geometry,621,0.016481320450885666,0.020894014814593766,0.328968472073566,0.8545663044513228,0.012900000000000023
uso_1d,4,1,information,621,0.016109339774557162,0.020784097181551425,0.15670563983032249,0.9830541925320395,0.007099999999999995
uso_1d,4,1,propagation,621,0.04458969404186795,0.05422898815393551,0.3144548239906063,0.9219693514016224,0.07179999999999997
uso_1d,4,1,cascade_bias,621,0.10940161030595813,0.14050895972027805,0.4616101700673339,0.8217758063204094,0.054900000000000004
uso_1d,4,1,scaling_exponent,621,0.02626086956521739,0.04461346351959429,0.13350721690501974,0.9705170271639396,0.0029000000000000137
uso_1d,8,1,pressure,621,0.002591626409017714,0.0034471860680038175,0.030346913454539975,0.9993685160363791,0.005300000000000003
uso_1d,8,1,velocity,621,0.0665523349436393,0.09240757231033535,0.09631307517169217,0.9776419161622649,0.08239999999999997
uso_1d,8,1,acceleration,621,0.10994524959742351,0.14462071544752483,0.25124599999411223,0.9223841573523729,0.34800000000000003
uso_1d,8,1,jerk,621,0.12403140096618358,0.16210542557733934,0.24781498694542176,0.8959152176721841,0.244
uso_1d,8,1,snap,621,0.13426457326892108,0.17452667828493243,0.2639366488478889,0.8772607634172085,0.0849
uso_1d,8,1,structure,621,0.011473429951690822,0.013477427900082878,0.225411197479191,0.9914485978350241,0.005699999999999983
uso_1d,8,1,kinematics,621,0.027796296296296295,0.03607261485771593,0.4005230013875546,0.8158352292332,0.024099999999999955
uso_1d,8,1,geometry,621,0.0250829307568438,0.031827954625645895,0.500657300535804,0.7031469887025924,0.003599999999999992
uso_1d,8,1,information,621,0.023774074074074072,0.029659294801393066,0.23126531200461148,0.9510723850686552,0.005200000000000038
uso_1d,8,1,propagation,621,0.07015442834138486,0.08607522577811587,0.4947420898546184,0.8415993440918491,0.041100000000000025
uso_1d,8,1,cascade_bias,621,0.18166392914653784,0.23567244528238435,0.7665144689727336,0.6102737652625329,0.03999999999999998
uso_1d,8,1,scaling_exponent,621,0.03239066022544283,0.05712066302948116,0.1646703621018954,0.9510687000510247,0.01750000000000007
btc_usd_1d,1,1,pressure,621,0.0,0.0,0.0,0.9999999999999998,0.0
btc_usd_1d,1,1,velocity,621,0.0,0.0,0.0,0.9999999999999999,0.0
btc_usd_1d,1,1,acceleration,621,0.0,0.0,0.0,1.0,0.0
btc_usd_1d,1,1,jerk,621,0.0,0.0,0.0,1.0,0.0
btc_usd_1d,1,1,snap,621,0.0,0.0,0.0,1.0,0.0
btc_usd_1d,1,1,structure,621,0.0,0.0,0.0,1.0,0.0
btc_usd_1d,1,1,kinematics,621,0.0,0.0,0.0,1.0,0.0
btc_usd_1d,1,1,geometry,621,0.0,0.0,0.0,1.0,0.0
btc_usd_1d,1,1,information,621,0.0,0.0,0.0,1.0,0.0
btc_usd_1d,1,1,propagation,621,0.0,0.0,0.0,0.9999999999999999,0.0
btc_usd_1d,1,1,cascade_bias,621,0.0,0.0,0.0,1.0,0.0
btc_usd_1d,1,1,scaling_exponent,621,0.0,0.0,0.0,1.0,0.0
btc_usd_1d,2,1,pressure,621,0.0012265700483091784,0.0015699933843978894,0.00812836347454724,0.9999716094090345,0.0011999999999999997
btc_usd_1d,2,1,velocity,621,0.011856199677938809,0.015117534688978352,0.018081744209148713,0.99944113883219,0.009599999999999997
btc_usd_1d,2,1,acceleration,621,0.03207729468599033,0.04303207282324869,0.07858229957371468,0.9932663143833119,0.01469999999999999
btc_usd_1d,2,1,jerk,621,0.04442351046698873,0.05938568607118156,0.09724936617116622,0.9847827309992349,0.012299999999999978
btc_usd_1d,2,1,snap,621,0.05062640901771336,0.06772651859095435,0.10344587048981072,0.9780270146716613,0.005900000000000016
btc_usd_1d,2,1,structure,621,0.0027207729468599028,0.003130870653140891,0.02980036086374483,0.9996048656362947,0.0015000000000000013
btc_usd_1d,2,1,kinematics,621,0.010627858293075684,0.014162581962985882,0.17281070395245016,0.9605284890097703,0.016800000000000037
btc_usd_1d,2,1,geometry,621,0.009833816425120772,0.012269281384844146,0.2587846427663359,0.9147790522864715,0.009000000000000008
btc_usd_1d,2,1,information,621,0.01208856682769726,0.015389975196664392,0.14221843326702654,0.9874289009641404,0.008099999999999996
btc_usd_1d,2,1,propagation,621,0.01904943639291466,0.023775786069457554,0.17208162956562487,0.9732912141336378,0.02639999999999998
btc_usd_1d,2,1,cascade_bias,621,0.03183896940418679,0.04463099231520914,0.13647222204966475,0.9730837226081042,0.021199999999999997
btc_usd_1d,2,1,scaling_exponent,621,0.03940821256038647,0.05028076421055495,0.20995318359289544,0.9819874838789774,0.012299999999999978
btc_usd_1d,4,1,pressure,621,0.0022442834138486313,0.0028097340577072877,0.014872653504629763,0.9998650547641347,0.0029
btc_usd_1d,4,1,velocity,621,0.032676006441223836,0.04292041806220508,0.049833775264944084,0.9952664067136731,0.03470000000000001
btc_usd_1d,4,1,acceleration,621,0.07507536231884057,0.0983064502677785,0.18391808505350457,0.9629269754548678,0.14079999999999998
btc_usd_1d,4,1,jerk,621,0.0888402576489533,0.11677037943625772,0.19448392655199934,0.9406873311178054,0.2093
btc_usd_1d,4,1,snap,621,0.0931608695652174,0.12527012507020446,0.19035731419129015,0.9298726094487312,0.1411
btc_usd_1d,4,1,structure,621,0.007008373590982285,0.008020836391868416,0.07676203275993741,0.9978597971136003,0.005199999999999982
btc_usd_1d,4,1,kinematics,621,0.01869452495974235,0.02422966634270693,0.30397601560556664,0.8883060405482858,0.027700000000000002
btc_usd_1d,4,1,geometry,621,0.01592576489533011,0.020043174413742704,0.41909907619289727,0.7810042529902989,0.0023999999999999577
btc_usd_1d,4,1,information,621,0.019682608695652172,0.025287867604586938,0.2315601023017902,0.9515016499379358,0.017699999999999994
btc_usd_1d,4,1,propagation,621,0.04164734299516908,0.05162223490779924,0.3762180939039667,0.8918404694639965,0.0514
btc_usd_1d,4,1,cascade_bias,621,0.07509983896940418,0.10434322328146906,0.321902438788702,0.8652128537546541,0.0247
btc_usd_1d,4,1,scaling_exponent,621,0.057976811594202884,0.078278619600977,0.308880189633473,0.9495707898843335,0.0472999999999999
btc_usd_1d,8,1,pressure,621,0.004018357487922705,0.005032445453889869,0.02662927427384165,0.9995052593829082,0.006399999999999996
btc_usd_1d,8,1,velocity,621,0.06587471819645734,0.08924580090439001,0.10046472197111078,0.9776424409907405,0.06719999999999998
btc_usd_1d,8,1,acceleration,621,0.122731884057971,0.16296501541124436,0.3006660559969892,0.8982721871588487,0.3173
btc_usd_1d,8,1,jerk,621,0.1343159420289855,0.17835986194844206,0.2940366506764131,0.8736941185803073,0.2522
btc_usd_1d,8,1,snap,621,0.14191594202898553,0.18577572916259466,0.28997944836327244,0.8637120330653908,0.08800000000000002
btc_usd_1d,8,1,structure,621,0.011283574879227052,0.013019659976117648,0.123587895719902,0.9956150935053881,0.007699999999999985
btc_usd_1d,8,1,kinematics,621,0.026728824476650564,0.034290339855525015,0.4346150321406596,0.7969453937661882,0.036099999999999965
btc_usd_1d,8,1,geometry,621,0.02292769726247987,0.029356389434740133,0.6033604542757856,0.6344994273713429,0.007900000000000018
btc_usd_1d,8,1,information,621,0.03104283413848631,0.0406174696476739,0.36520981339395653,0.8635087609927937,0.002899999999999958
btc_usd_1d,8,1,propagation,621,0.06208695652173912,0.07764460469138315,0.5608577824908688,0.8102176995222353,0.0917
btc_usd_1d,8,1,cascade_bias,621,0.14346441223832526,0.188296465546218,0.6149353289255262,0.6405420221638328,0.0872
btc_usd_1d,8,1,scaling_exponent,621,0.06609565217391304,0.09624157574443248,0.35213453475712864,0.91313093126482,0.031099999999999905
