date,index,state_id,match,novelty,distance_tail_score,distance_tail_support,distance_tail_scope,outside_learned_range,nearest_form_distance,resonance_index,calibration_distance_tail_rank,calibration_distance_percentile,calibration_distance_support,calibration_distance_scope,in_extreme_calibration_distance_tail,analog_status,transition_surprise,close,token
2025-05-09T04:00:00+00:00,449,F.001,0.3945,0.0,0.863636,65,state_conditional,False,0.69625,0.3945,0.863636,0.136364,65,state_conditional,False,descriptive_reference_available,0.0,556.51025390625,Sisude
2025-05-12T04:00:00+00:00,450,F.001,0.3895,0.0,0.863636,65,state_conditional,False,0.705838,0.3895,0.863636,0.136364,65,state_conditional,False,descriptive_reference_available,0.0,574.9015502929688,Sisude
2025-05-13T04:00:00+00:00,451,F.001,0.3853,0.0,0.833333,65,state_conditional,False,0.71401,0.3853,0.833333,0.166667,65,state_conditional,False,descriptive_reference_available,0.0,578.6982421875,Sisude
2025-05-14T04:00:00+00:00,452,F.001,0.336,0.1187,0.606061,65,state_conditional,False,0.816549,0.336,0.606061,0.393939,65,state_conditional,False,descriptive_reference_available,0.0,579.437744140625,Sisude
2025-05-15T04:00:00+00:00,453,F.002,0.3066,0.2382,0.037736,52,state_conditional,True,0.884914,0.3066,0.037736,0.962264,52,state_conditional,True,withheld_extreme_calibration_tail,-0.0,582.267822265625,Keseve
2025-05-16T04:00:00+00:00,454,F.002,0.3038,0.2503,0.037736,52,state_conditional,True,0.891827,0.3038,0.037736,0.962264,52,state_conditional,True,withheld_extreme_calibration_tail,0.0,585.9559936523438,Keseve
2025-05-19T04:00:00+00:00,455,F.002,0.3207,0.1795,0.075472,52,state_conditional,False,0.851346,0.3207,0.075472,0.924528,52,state_conditional,False,descriptive_reference_available,0.0,586.596923828125,Keseve
2025-05-20T04:00:00+00:00,456,F.002,0.334,0.1264,0.113208,52,state_conditional,False,0.820942,0.334,0.113208,0.886792,52,state_conditional,False,descriptive_reference_available,0.0,584.6246948242188,Keseve
2025-05-21T04:00:00+00:00,457,F.002,0.3162,0.198,0.056604,52,state_conditional,False,0.861904,0.3162,0.056604,0.943396,52,state_conditional,False,descriptive_reference_available,0.0,574.7732543945312,Keseve
2025-05-22T04:00:00+00:00,458,F.002,0.3278,0.151,0.113208,52,state_conditional,False,0.835009,0.3278,0.113208,0.886792,52,state_conditional,False,descriptive_reference_available,0.0,575.0001831054688,Keseve
2025-05-23T04:00:00+00:00,459,F.002,0.3189,0.1871,0.056604,52,state_conditional,False,0.855654,0.3189,0.056604,0.943396,52,state_conditional,False,descriptive_reference_available,0.0,571.0753784179688,Keseve
2025-05-27T04:00:00+00:00,460,F.002,0.3214,0.1766,0.09434,52,state_conditional,False,0.849647,0.3214,0.09434,0.90566,52,state_conditional,False,descriptive_reference_available,0.0,582.9482421875,Keseve
2025-05-28T04:00:00+00:00,461,F.002,0.3567,0.0403,0.150943,52,state_conditional,False,0.771674,0.3567,0.150943,0.849057,52,state_conditional,False,descriptive_reference_available,0.0,579.5757446289062,Keseve
2025-05-29T04:00:00+00:00,462,F.002,0.3425,0.0934,0.132075,52,state_conditional,False,0.802071,0.3425,0.132075,0.867925,52,state_conditional,False,descriptive_reference_available,0.0,581.8635864257812,Keseve
2025-05-30T04:00:00+00:00,463,F.002,0.3415,0.0975,0.132075,52,state_conditional,False,0.804372,0.3415,0.132075,0.867925,52,state_conditional,False,descriptive_reference_available,0.0,581.212646484375,Keseve
2025-06-02T04:00:00+00:00,464,F.002,0.3353,0.1212,0.113208,52,state_conditional,False,0.817982,0.3353,0.113208,0.886792,52,state_conditional,False,descriptive_reference_available,0.0,584.4866943359375,Keseve
2025-06-03T04:00:00+00:00,465,F.002,0.3238,0.1668,0.09434,52,state_conditional,False,0.844054,0.3238,0.09434,0.90566,52,state_conditional,False,descriptive_reference_available,0.0,587.8197631835938,Keseve
2025-06-04T04:00:00+00:00,466,F.002,0.2958,0.2851,0.037736,52,state_conditional,True,0.911749,0.2958,0.037736,0.962264,52,state_conditional,True,withheld_extreme_calibration_tail,0.0,587.6619262695312,Keseve
2025-06-05T04:00:00+00:00,467,F.002,0.2848,0.3347,0.037736,52,state_conditional,True,0.940139,0.2848,0.037736,0.962264,52,state_conditional,True,withheld_extreme_calibration_tail,0.0,584.8218994140625,Keseve
2025-06-06T04:00:00+00:00,468,F.002,0.291,0.3065,0.037736,52,state_conditional,True,0.923993,0.291,0.037736,0.962264,52,state_conditional,True,withheld_extreme_calibration_tail,0.0,590.8275146484375,Keseve
2025-06-09T04:00:00+00:00,469,F.002,0.2693,0.4079,0.018868,52,state_conditional,True,0.982032,0.2693,0.018868,0.981132,52,state_conditional,True,withheld_extreme_calibration_tail,0.0,591.3599853515625,Keseve
2025-06-10T04:00:00+00:00,470,F.002,0.2589,0.4595,0.018868,52,state_conditional,True,1.011573,0.2589,0.018868,0.981132,52,state_conditional,True,withheld_extreme_calibration_tail,0.0,594.7128295898438,Keseve
2025-06-11T04:00:00+00:00,471,F.002,0.2445,0.5342,0.018868,52,state_conditional,True,1.054341,0.2445,0.018868,0.981132,52,state_conditional,True,withheld_extreme_calibration_tail,0.0,593.0166015625,Keseve
2025-06-12T04:00:00+00:00,472,F.002,0.2133,0.7131,0.018868,52,state_conditional,True,1.15671,0.2133,0.018868,0.981132,52,state_conditional,True,withheld_extreme_calibration_tail,0.0,595.37353515625,Keseve
2025-06-13T04:00:00+00:00,473,F.002,0.2278,0.6267,0.018868,52,state_conditional,True,1.10727,0.2278,0.018868,0.981132,52,state_conditional,True,withheld_extreme_calibration_tail,0.0,588.7171630859375,Keseve
2025-06-16T04:00:00+00:00,474,F.002,0.2222,0.6598,0.018868,52,state_conditional,True,1.126179,0.2222,0.018868,0.981132,52,state_conditional,True,withheld_extreme_calibration_tail,0.0,594.318359375,Keseve
2025-06-17T04:00:00+00:00,475,F.002,0.2284,0.6236,0.018868,52,state_conditional,True,1.105477,0.2284,0.018868,0.981132,52,state_conditional,True,withheld_extreme_calibration_tail,0.0,589.2398681640625,Keseve
2025-06-18T04:00:00+00:00,476,F.002,0.2054,0.7621,0.018868,52,state_conditional,True,1.184742,0.2054,0.018868,0.981132,52,state_conditional,True,withheld_extreme_calibration_tail,0.0,589.1510009765625,Keseve
2025-06-20T04:00:00+00:00,477,F.002,0.201,0.7908,0.018868,52,state_conditional,True,1.201141,0.201,0.018868,0.981132,52,state_conditional,True,withheld_extreme_calibration_tail,0.0,587.7673950195312,Keseve
2025-06-23T04:00:00+00:00,478,F.002,0.2052,0.7637,0.018868,52,state_conditional,True,1.185678,0.2052,0.018868,0.981132,52,state_conditional,True,withheld_extreme_calibration_tail,0.0,593.5730590820312,Keseve
2025-06-24T04:00:00+00:00,479,F.002,0.1911,0.8571,0.018868,52,state_conditional,True,1.23908,0.1911,0.018868,0.981132,52,state_conditional,True,withheld_extreme_calibration_tail,0.0,600.1304321289062,Keseve
2025-06-25T04:00:00+00:00,480,F.002,0.1935,0.8401,0.018868,52,state_conditional,True,1.229395,0.1935,0.018868,0.981132,52,state_conditional,True,withheld_extreme_calibration_tail,0.0,600.4666748046875,Keseve
2025-06-26T04:00:00+00:00,481,F.002,0.2029,0.7781,0.018868,52,state_conditional,True,1.193906,0.2029,0.018868,0.981132,52,state_conditional,True,withheld_extreme_calibration_tail,0.0,605.1646118164062,Keseve
2025-06-27T04:00:00+00:00,482,F.002,0.1938,0.8384,0.018868,52,state_conditional,True,1.228415,0.1938,0.018868,0.981132,52,state_conditional,True,withheld_extreme_calibration_tail,0.0,608.1712646484375,Keseve
2025-06-30T04:00:00+00:00,483,F.002,0.1886,0.8743,0.018868,52,state_conditional,True,1.248928,0.1886,0.018868,0.981132,52,state_conditional,True,withheld_extreme_calibration_tail,0.0,611.0791015625,Keseve
2025-07-01T04:00:00+00:00,484,F.002,0.1738,0.9807,0.018868,52,state_conditional,True,1.309827,0.1738,0.018868,0.981132,52,state_conditional,True,withheld_extreme_calibration_tail,0.0,610.8812866210938,Keseve
2025-07-02T04:00:00+00:00,485,F.002,0.176,0.9646,0.018868,52,state_conditional,True,1.300623,0.176,0.018868,0.981132,52,state_conditional,True,withheld_extreme_calibration_tail,0.0,613.650634765625,Keseve
2025-07-03T04:00:00+00:00,486,F.002,0.1802,0.9333,0.018868,52,state_conditional,True,1.282727,0.1802,0.018868,0.981132,52,state_conditional,True,withheld_extreme_calibration_tail,0.0,618.4869995117188,Keseve
2025-07-07T04:00:00+00:00,487,F.002,0.1669,1.0,0.018868,52,state_conditional,True,1.340084,0.1669,0.018868,0.981132,52,state_conditional,True,withheld_extreme_calibration_tail,0.0,613.8780517578125,Keseve
2025-07-08T04:00:00+00:00,488,F.002,0.1789,0.9429,0.018868,52,state_conditional,True,1.288205,0.1789,0.018868,0.981132,52,state_conditional,True,withheld_extreme_calibration_tail,0.0,613.5418090820312,Keseve
2025-07-09T04:00:00+00:00,489,F.002,0.192,0.8506,0.018868,52,state_conditional,True,1.235369,0.192,0.018868,0.981132,52,state_conditional,True,withheld_extreme_calibration_tail,0.0,617.2210693359375,Keseve
2025-07-10T04:00:00+00:00,490,F.002,0.1928,0.8455,0.018868,52,state_conditional,True,1.232454,0.1928,0.018868,0.981132,52,state_conditional,True,withheld_extreme_calibration_tail,0.0,618.9617919921875,Keseve
2025-07-11T04:00:00+00:00,491,F.002,0.1819,0.921,0.018868,52,state_conditional,True,1.275673,0.1819,0.018868,0.981132,52,state_conditional,True,withheld_extreme_calibration_tail,0.0,616.7857666015625,Keseve
2025-07-14T04:00:00+00:00,492,F.002,0.185,0.8988,0.018868,52,state_conditional,True,1.262997,0.185,0.018868,0.981132,52,state_conditional,True,withheld_extreme_calibration_tail,0.0,617.9628295898438,Keseve
2025-07-15T04:00:00+00:00,493,F.002,0.1821,0.9201,0.018868,52,state_conditional,True,1.275145,0.1821,0.018868,0.981132,52,state_conditional,True,withheld_extreme_calibration_tail,0.0,615.3220825195312,Keseve
2025-07-16T04:00:00+00:00,494,F.002,0.1535,1.0,0.018868,52,state_conditional,True,1.403155,0.1535,0.018868,0.981132,52,state_conditional,True,withheld_extreme_calibration_tail,0.0,617.3792724609375,Keseve
2025-07-17T04:00:00+00:00,495,F.002,0.1683,1.0,0.018868,52,state_conditional,True,1.333996,0.1683,0.018868,0.981132,52,state_conditional,True,withheld_extreme_calibration_tail,0.0,621.1573486328125,Keseve
2025-07-18T04:00:00+00:00,496,F.002,0.1809,0.9281,0.018868,52,state_conditional,True,1.279762,0.1809,0.018868,0.981132,52,state_conditional,True,withheld_extreme_calibration_tail,0.0,620.7025146484375,Keseve
2025-07-21T04:00:00+00:00,497,F.002,0.1766,0.9599,0.018868,52,state_conditional,True,1.297913,0.1766,0.018868,0.981132,52,state_conditional,True,withheld_extreme_calibration_tail,0.0,621.87939453125,Keseve
2025-07-22T04:00:00+00:00,498,F.002,0.1614,1.0,0.018868,52,state_conditional,True,1.365381,0.1614,0.018868,0.981132,52,state_conditional,True,withheld_extreme_calibration_tail,0.0,621.9684448242188,Keseve
2025-07-23T04:00:00+00:00,499,F.002,0.1701,1.0,0.018868,52,state_conditional,True,1.326072,0.1701,0.018868,0.981132,52,state_conditional,True,withheld_extreme_calibration_tail,0.0,627.2598266601562,Keseve
2025-07-24T04:00:00+00:00,500,F.002,0.1762,0.9628,0.018868,52,state_conditional,True,1.299598,0.1762,0.018868,0.981132,52,state_conditional,True,withheld_extreme_calibration_tail,0.0,627.4674682617188,Keseve
2025-07-25T04:00:00+00:00,501,F.002,0.1761,0.9634,0.018868,52,state_conditional,True,1.299932,0.1761,0.018868,0.981132,52,state_conditional,True,withheld_extreme_calibration_tail,0.0,630.1181030273438,Keseve
2025-07-28T04:00:00+00:00,502,F.002,0.1738,0.9809,0.018868,52,state_conditional,True,1.309934,0.1738,0.018868,0.981132,52,state_conditional,True,withheld_extreme_calibration_tail,0.0,629.9598388671875,Keseve
2025-07-29T04:00:00+00:00,503,F.002,0.1715,0.9986,0.018868,52,state_conditional,True,1.320112,0.1715,0.018868,0.981132,52,state_conditional,True,withheld_extreme_calibration_tail,0.0,628.2982788085938,Keseve
2025-07-30T04:00:00+00:00,504,F.002,0.1598,1.0,0.018868,52,state_conditional,True,1.372833,0.1598,0.018868,0.981132,52,state_conditional,True,withheld_extreme_calibration_tail,0.0,627.5070190429688,Keseve
2025-07-31T04:00:00+00:00,505,F.002,0.1627,1.0,0.018868,52,state_conditional,True,1.35956,0.1627,0.018868,0.981132,52,state_conditional,True,withheld_extreme_calibration_tail,0.0,625.1531372070312,Keseve
2025-08-01T04:00:00+00:00,506,F.002,0.147,1.0,0.018868,52,state_conditional,True,1.435058,0.147,0.018868,0.981132,52,state_conditional,True,withheld_extreme_calibration_tail,0.0,614.9066162109375,Keseve
2025-08-04T04:00:00+00:00,507,F.002,0.1849,0.8997,0.018868,52,state_conditional,True,1.263476,0.1849,0.018868,0.981132,52,state_conditional,True,withheld_extreme_calibration_tail,0.0,624.2529907226562,Keseve
2025-08-05T04:00:00+00:00,508,F.002,0.2011,0.7902,0.018868,52,state_conditional,True,1.200814,0.2011,0.018868,0.981132,52,state_conditional,True,withheld_extreme_calibration_tail,0.0,621.0880737304688,Keseve
2025-08-06T04:00:00+00:00,509,F.002,0.2024,0.7813,0.018868,52,state_conditional,True,1.195748,0.2024,0.018868,0.981132,52,state_conditional,True,withheld_extreme_calibration_tail,0.0,625.8455200195312,Keseve
2025-08-07T04:00:00+00:00,510,F.002,0.2074,0.7497,0.018868,52,state_conditional,True,1.177671,0.2074,0.018868,0.981132,52,state_conditional,True,withheld_extreme_calibration_tail,0.0,625.3212280273438,Keseve
2025-08-08T04:00:00+00:00,511,F.002,0.2274,0.6294,0.018868,52,state_conditional,True,1.108778,0.2274,0.018868,0.981132,52,state_conditional,True,withheld_extreme_calibration_tail,0.0,630.1972045898438,Keseve
2025-08-11T04:00:00+00:00,512,F.002,0.2333,0.5958,0.018868,52,state_conditional,True,1.089565,0.2333,0.018868,0.981132,52,state_conditional,True,withheld_extreme_calibration_tail,0.0,628.9510498046875,Keseve
2025-08-12T04:00:00+00:00,513,F.002,0.2334,0.5953,0.018868,52,state_conditional,True,1.08926,0.2334,0.018868,0.981132,52,state_conditional,True,withheld_extreme_calibration_tail,0.0,635.6468505859375,Keseve
2025-08-13T04:00:00+00:00,514,F.002,0.2535,0.4871,0.018868,52,state_conditional,True,1.027339,0.2535,0.018868,0.981132,52,state_conditional,True,withheld_extreme_calibration_tail,0.0,637.8228149414062,Keseve
2025-08-14T04:00:00+00:00,515,F.002,0.2425,0.5454,0.018868,52,state_conditional,True,1.06071,0.2425,0.018868,0.981132,52,state_conditional,True,withheld_extreme_calibration_tail,0.0,637.882080078125,Keseve
2025-08-15T04:00:00+00:00,516,F.002,0.2619,0.4443,0.018868,52,state_conditional,True,1.002855,0.2619,0.018868,0.981132,52,state_conditional,True,withheld_extreme_calibration_tail,0.0,636.388671875,Keseve
2025-08-18T04:00:00+00:00,517,F.002,0.2608,0.4501,0.018868,52,state_conditional,True,1.006165,0.2608,0.018868,0.981132,52,state_conditional,True,withheld_extreme_calibration_tail,0.0,636.2501220703125,Keseve
2025-08-19T04:00:00+00:00,518,F.002,0.275,0.3804,0.018868,52,state_conditional,True,0.966292,0.275,0.018868,0.981132,52,state_conditional,True,withheld_extreme_calibration_tail,0.0,632.7984008789062,Keseve
2025-08-20T04:00:00+00:00,519,F.002,0.2556,0.4765,0.018868,52,state_conditional,True,1.02132,0.2556,0.018868,0.981132,52,state_conditional,True,withheld_extreme_calibration_tail,0.0,631.116943359375,Keseve
2025-08-21T04:00:00+00:00,520,F.002,0.2594,0.457,0.018868,52,state_conditional,True,1.010159,0.2594,0.018868,0.981132,52,state_conditional,True,withheld_extreme_calibration_tail,0.0,628.5851440429688,Keseve
2025-08-22T04:00:00+00:00,521,F.002,0.2981,0.2749,0.037736,52,state_conditional,True,0.905936,0.2981,0.037736,0.962264,52,state_conditional,True,withheld_extreme_calibration_tail,0.0,638.2381591796875,Keseve
2025-08-25T04:00:00+00:00,522,F.002,0.3132,0.2103,0.056604,52,state_conditional,False,0.86894,0.3132,0.056604,0.943396,52,state_conditional,False,descriptive_reference_available,0.0,635.4292602539062,Keseve
2025-08-26T04:00:00+00:00,523,F.002,0.3311,0.1379,0.113208,52,state_conditional,False,0.827503,0.3311,0.113208,0.886792,52,state_conditional,False,descriptive_reference_available,0.0,638.0897827148438,Keseve
2025-08-27T04:00:00+00:00,524,F.002,0.3261,0.1578,0.113208,52,state_conditional,False,0.838931,0.3261,0.113208,0.886792,52,state_conditional,False,descriptive_reference_available,0.0,639.5436401367188,Keseve
2025-08-28T04:00:00+00:00,525,F.002,0.3312,0.1374,0.113208,52,state_conditional,False,0.827257,0.3312,0.113208,0.886792,52,state_conditional,False,descriptive_reference_available,0.0,641.80859375,Keseve
2025-08-29T04:00:00+00:00,526,F.002,0.3286,0.1478,0.113208,52,state_conditional,False,0.833173,0.3286,0.113208,0.886792,52,state_conditional,False,descriptive_reference_available,0.0,637.98095703125,Keseve
2025-09-02T04:00:00+00:00,527,F.002,0.2894,0.314,0.037736,52,state_conditional,True,0.928286,0.2894,0.037736,0.962264,52,state_conditional,True,withheld_extreme_calibration_tail,0.0,633.2533569335938,Keseve
2025-09-03T04:00:00+00:00,528,F.002,0.2963,0.2828,0.037736,52,state_conditional,True,0.910463,0.2963,0.037736,0.962264,52,state_conditional,True,withheld_extreme_calibration_tail,0.0,636.6853637695312,Keseve
2025-09-04T04:00:00+00:00,529,F.002,0.3446,0.0853,0.132075,52,state_conditional,False,0.797432,0.3446,0.132075,0.867925,52,state_conditional,False,descriptive_reference_available,0.0,642.0064086914062,Keseve
2025-09-05T04:00:00+00:00,530,F.002,0.338,0.1109,0.132075,52,state_conditional,False,0.812053,0.338,0.132075,0.867925,52,state_conditional,False,descriptive_reference_available,0.0,640.14697265625,Keseve
2025-09-08T04:00:00+00:00,531,F.002,0.3536,0.0517,0.150943,52,state_conditional,False,0.778168,0.3536,0.150943,0.849057,52,state_conditional,False,descriptive_reference_available,0.0,641.7196044921875,Keseve
2025-09-09T04:00:00+00:00,532,F.002,0.3578,0.0363,0.150943,52,state_conditional,False,0.769371,0.3578,0.150943,0.849057,52,state_conditional,False,descriptive_reference_available,0.0,643.2031860351562,Keseve
2025-09-10T04:00:00+00:00,533,F.002,0.3247,0.1635,0.09434,52,state_conditional,False,0.842166,0.3247,0.09434,0.90566,52,state_conditional,False,descriptive_reference_available,0.0,645.0625610351562,Keseve
2025-09-11T04:00:00+00:00,534,F.002,0.34,0.1032,0.132075,52,state_conditional,False,0.807668,0.34,0.132075,0.867925,52,state_conditional,False,descriptive_reference_available,0.0,650.423095703125,Keseve
2025-09-12T04:00:00+00:00,535,F.002,0.3131,0.2109,0.056604,52,state_conditional,False,0.869318,0.3131,0.056604,0.943396,52,state_conditional,False,descriptive_reference_available,0.0,650.2055053710938,Keseve
2025-09-15T04:00:00+00:00,536,F.002,0.3264,0.1565,0.113208,52,state_conditional,False,0.838136,0.3264,0.113208,0.886792,52,state_conditional,False,descriptive_reference_available,0.0,653.6671752929688,Keseve
2025-09-16T04:00:00+00:00,537,F.002,0.309,0.2283,0.037736,52,state_conditional,True,0.879253,0.309,0.037736,0.962264,52,state_conditional,True,withheld_extreme_calibration_tail,0.0,652.7671508789062,Keseve
2025-09-17T04:00:00+00:00,538,F.002,0.3171,0.1944,0.056604,52,state_conditional,False,0.859843,0.3171,0.056604,0.943396,52,state_conditional,False,descriptive_reference_available,0.0,651.9561157226562,Keseve
2025-09-18T04:00:00+00:00,539,F.002,0.2942,0.2922,0.037736,52,state_conditional,True,0.915818,0.2942,0.037736,0.962264,52,state_conditional,True,withheld_extreme_calibration_tail,0.0,655.00244140625,Keseve
2025-09-19T04:00:00+00:00,540,F.002,0.3285,0.1481,0.113208,52,state_conditional,False,0.833349,0.3285,0.113208,0.886792,52,state_conditional,False,descriptive_reference_available,0.0,658.2465209960938,Keseve
2025-09-22T04:00:00+00:00,541,F.002,0.3211,0.1779,0.09434,52,state_conditional,False,0.850384,0.3211,0.09434,0.90566,52,state_conditional,False,descriptive_reference_available,0.0,661.3607177734375,Keseve
2025-09-23T04:00:00+00:00,542,F.002,0.3301,0.1419,0.113208,52,state_conditional,False,0.829796,0.3301,0.113208,0.886792,52,state_conditional,False,descriptive_reference_available,0.0,657.7605590820312,Keseve
2025-09-24T04:00:00+00:00,543,F.002,0.2916,0.3038,0.037736,52,state_conditional,True,0.922449,0.2916,0.037736,0.962264,52,state_conditional,True,withheld_extreme_calibration_tail,0.0,655.6677856445312,Keseve
2025-09-25T04:00:00+00:00,544,F.002,0.2874,0.3231,0.037736,52,state_conditional,True,0.933498,0.2874,0.037736,0.962264,52,state_conditional,True,withheld_extreme_calibration_tail,0.0,652.6429443359375,Keseve
2025-09-26T04:00:00+00:00,545,F.002,0.3002,0.2659,0.037736,52,state_conditional,True,0.90075,0.3002,0.037736,0.962264,52,state_conditional,True,withheld_extreme_calibration_tail,0.0,656.3819580078125,Keseve
2025-09-29T04:00:00+00:00,546,F.002,0.3044,0.2478,0.037736,52,state_conditional,True,0.890422,0.3044,0.037736,0.962264,52,state_conditional,True,withheld_extreme_calibration_tail,0.0,658.2266845703125,Keseve
2025-09-30T04:00:00+00:00,547,F.002,0.3063,0.2396,0.037736,52,state_conditional,True,0.88574,0.3063,0.037736,0.962264,52,state_conditional,True,withheld_extreme_calibration_tail,0.0,660.7061157226562,Keseve
2025-10-01T04:00:00+00:00,548,F.002,0.3054,0.2435,0.037736,52,state_conditional,True,0.887923,0.3054,0.037736,0.962264,52,state_conditional,True,withheld_extreme_calibration_tail,0.0,662.9574584960938,Keseve
2025-10-02T04:00:00+00:00,549,F.002,0.3039,0.2499,0.037736,52,state_conditional,True,0.891623,0.3039,0.037736,0.962264,52,state_conditional,True,withheld_extreme_calibration_tail,0.0,663.7210693359375,Keseve
2025-10-03T04:00:00+00:00,550,F.002,0.294,0.2934,0.037736,52,state_conditional,True,0.916493,0.294,0.037736,0.962264,52,state_conditional,True,withheld_extreme_calibration_tail,0.0,663.7112426757812,Keseve
2025-10-06T04:00:00+00:00,551,F.002,0.2991,0.2706,0.037736,52,state_conditional,True,0.903486,0.2991,0.037736,0.962264,52,state_conditional,True,withheld_extreme_calibration_tail,0.0,666.0914916992188,Keseve
2025-10-07T04:00:00+00:00,552,F.002,0.299,0.2712,0.037736,52,state_conditional,True,0.903804,0.299,0.037736,0.962264,52,state_conditional,True,withheld_extreme_calibration_tail,0.0,663.6219482421875,Keseve
2025-10-08T04:00:00+00:00,553,F.002,0.3149,0.2033,0.056604,52,state_conditional,False,0.86495,0.3149,0.056604,0.943396,52,state_conditional,False,descriptive_reference_available,0.0,667.5791625976562,Keseve
2025-10-09T04:00:00+00:00,554,F.002,0.318,0.1906,0.056604,52,state_conditional,False,0.857662,0.318,0.056604,0.943396,52,state_conditional,False,descriptive_reference_available,0.0,665.6452026367188,Keseve
2025-10-10T04:00:00+00:00,555,F.002,0.3039,0.2499,0.037736,52,state_conditional,True,0.891597,0.3039,0.037736,0.962264,52,state_conditional,True,withheld_extreme_calibration_tail,0.0,647.6542358398438,Keseve
2025-10-13T04:00:00+00:00,556,F.002,0.3292,0.1455,0.113208,52,state_conditional,False,0.83186,0.3292,0.113208,0.886792,52,state_conditional,False,descriptive_reference_available,0.0,657.5919189453125,Keseve
2025-10-14T04:00:00+00:00,557,F.002,0.3694,0.0,0.207547,52,state_conditional,False,0.745605,0.3694,0.207547,0.792453,52,state_conditional,False,descriptive_reference_available,0.0,656.78857421875,Keseve
2025-10-15T04:00:00+00:00,558,F.002,0.3475,0.0746,0.150943,52,state_conditional,False,0.79128,0.3475,0.150943,0.849057,52,state_conditional,False,descriptive_reference_available,0.0,659.7044067382812,Keseve
2025-10-16T04:00:00+00:00,559,F.002,0.3518,0.0583,0.150943,52,state_conditional,False,0.781951,0.3518,0.150943,0.849057,52,state_conditional,False,descriptive_reference_available,0.0,655.2117309570312,Keseve
2025-10-17T04:00:00+00:00,560,F.002,0.3032,0.253,0.037736,52,state_conditional,True,0.893413,0.3032,0.037736,0.962264,52,state_conditional,True,withheld_extreme_calibration_tail,0.0,658.9308471679688,Keseve
2025-10-20T04:00:00+00:00,561,F.002,0.2996,0.2684,0.037736,52,state_conditional,True,0.902189,0.2996,0.037736,0.962264,52,state_conditional,True,withheld_extreme_calibration_tail,0.0,665.7840576171875,Keseve
2025-10-21T04:00:00+00:00,562,F.002,0.3081,0.2321,0.037736,52,state_conditional,True,0.881415,0.3081,0.037736,0.962264,52,state_conditional,True,withheld_extreme_calibration_tail,0.0,665.7741088867188,Keseve
2025-10-22T04:00:00+00:00,563,F.002,0.3003,0.2656,0.037736,52,state_conditional,True,0.900606,0.3003,0.037736,0.962264,52,state_conditional,True,withheld_extreme_calibration_tail,0.0,662.3128051757812,Keseve
2025-10-23T04:00:00+00:00,564,F.002,0.3222,0.1735,0.09434,52,state_conditional,False,0.847916,0.3222,0.09434,0.90566,52,state_conditional,False,descriptive_reference_available,0.0,666.2402954101562,Keseve
2025-10-24T04:00:00+00:00,565,F.002,0.3062,0.24,0.037736,52,state_conditional,True,0.885951,0.3062,0.037736,0.962264,52,state_conditional,True,withheld_extreme_calibration_tail,0.0,671.6851806640625,Keseve
2025-10-27T04:00:00+00:00,566,F.002,0.3206,0.1797,0.075472,52,state_conditional,False,0.851462,0.3206,0.075472,0.924528,52,state_conditional,False,descriptive_reference_available,0.0,679.6094970703125,Keseve
2025-10-28T04:00:00+00:00,567,F.002,0.3673,0.0022,0.207547,52,state_conditional,False,0.749832,0.3673,0.207547,0.792453,52,state_conditional,False,descriptive_reference_available,0.0,681.4144897460938,Keseve
2025-10-29T04:00:00+00:00,568,F.002,0.365,0.0104,0.207547,52,state_conditional,False,0.754562,0.365,0.207547,0.792453,52,state_conditional,False,descriptive_reference_available,0.0,681.7418823242188,Keseve
2025-10-30T04:00:00+00:00,569,F.002,0.3966,0.0,0.264151,52,state_conditional,False,0.692336,0.3966,0.264151,0.735849,52,state_conditional,False,descriptive_reference_available,0.0,674.2440185546875,Keseve
2025-10-31T04:00:00+00:00,570,F.002,0.3902,0.0,0.245283,52,state_conditional,False,0.704518,0.3902,0.245283,0.754717,52,state_conditional,False,descriptive_reference_available,0.0,676.4556274414062,Keseve
2025-11-03T05:00:00+00:00,571,F.002,0.4588,0.0,0.622642,52,state_conditional,False,0.583197,0.4588,0.622642,0.377358,52,state_conditional,False,descriptive_reference_available,0.0,677.7251586914062,Keseve
2025-11-04T05:00:00+00:00,572,F.002,0.3739,0.0,0.226415,52,state_conditional,False,0.736521,0.3739,0.226415,0.773585,52,state_conditional,False,descriptive_reference_available,0.0,669.6917114257812,Keseve
2025-11-05T05:00:00+00:00,573,F.002,0.4115,0.0,0.283019,52,state_conditional,False,0.664785,0.4115,0.283019,0.716981,52,state_conditional,False,descriptive_reference_available,0.0,672.012451171875,Keseve
2025-11-06T05:00:00+00:00,574,F.002,0.4214,0.0,0.301887,52,state_conditional,False,0.646938,0.4214,0.301887,0.698113,52,state_conditional,False,descriptive_reference_available,0.0,664.8021850585938,Keseve
2025-11-07T05:00:00+00:00,575,F.002,0.4229,0.0,0.301887,52,state_conditional,False,0.644244,0.4229,0.301887,0.698113,52,state_conditional,False,descriptive_reference_available,0.0,665.4567260742188,Keseve
2025-11-10T05:00:00+00:00,576,F.002,0.3755,0.0,0.226415,52,state_conditional,False,0.733307,0.3755,0.226415,0.773585,52,state_conditional,False,descriptive_reference_available,0.0,675.8407592773438,Keseve
2025-11-11T05:00:00+00:00,577,F.002,0.3862,0.0,0.245283,52,state_conditional,False,0.712225,0.3862,0.245283,0.754717,52,state_conditional,False,descriptive_reference_available,0.0,677.3878784179688,Keseve
2025-11-12T05:00:00+00:00,578,F.002,0.3643,0.0128,0.207547,52,state_conditional,False,0.755936,0.3643,0.207547,0.792453,52,state_conditional,False,descriptive_reference_available,0.0,677.7647705078125,Keseve
2025-11-13T05:00:00+00:00,579,F.002,0.3003,0.2656,0.037736,52,state_conditional,True,0.900586,0.3003,0.037736,0.962264,52,state_conditional,True,withheld_extreme_calibration_tail,0.0,666.5180053710938,Keseve
2025-11-14T05:00:00+00:00,580,F.002,0.3495,0.0671,0.150943,52,state_conditional,False,0.786995,0.3495,0.150943,0.849057,52,state_conditional,False,descriptive_reference_available,0.0,666.4088745117188,Keseve
2025-11-17T05:00:00+00:00,581,F.002,0.349,0.0691,0.150943,52,state_conditional,False,0.78812,0.349,0.150943,0.849057,52,state_conditional,False,descriptive_reference_available,0.0,660.2002563476562,Keseve
2025-11-18T05:00:00+00:00,582,F.002,0.3419,0.0959,0.132075,52,state_conditional,False,0.80347,0.3419,0.132075,0.867925,52,state_conditional,False,descriptive_reference_available,0.0,654.6561889648438,Keseve
2025-11-19T05:00:00+00:00,583,F.002,0.348,0.0726,0.150943,52,state_conditional,False,0.790129,0.348,0.150943,0.849057,52,state_conditional,False,descriptive_reference_available,0.0,657.185302734375,Keseve
2025-11-20T05:00:00+00:00,584,F.002,0.3035,0.2518,0.037736,52,state_conditional,True,0.892712,0.3035,0.037736,0.962264,52,state_conditional,True,withheld_extreme_calibration_tail,0.0,647.1683349609375,Keseve
2025-11-21T05:00:00+00:00,585,F.002,0.2925,0.3001,0.037736,52,state_conditional,True,0.920337,0.2925,0.037736,0.962264,52,state_conditional,True,withheld_extreme_calibration_tail,0.0,653.6148681640625,Keseve
2025-11-24T05:00:00+00:00,586,F.001,0.2836,0.3402,0.424242,65,state_conditional,False,0.943301,0.2836,0.424242,0.575758,65,state_conditional,False,descriptive_reference_available,-0.0,663.2351684570312,Sisude
2025-11-25T05:00:00+00:00,587,F.001,0.2954,0.2869,0.454545,65,state_conditional,False,0.912805,0.2954,0.454545,0.545455,65,state_conditional,False,descriptive_reference_available,0.0,669.4734497070312,Sisude
2025-11-26T05:00:00+00:00,588,F.001,0.279,0.3616,0.409091,65,state_conditional,False,0.955554,0.279,0.409091,0.590909,65,state_conditional,False,descriptive_reference_available,0.0,674.09521484375,Sisude
2025-11-28T05:00:00+00:00,589,F.001,0.2963,0.2829,0.454545,65,state_conditional,False,0.91047,0.2963,0.454545,0.545455,65,state_conditional,False,descriptive_reference_available,0.0,677.7747192382812,Sisude
2025-12-01T05:00:00+00:00,590,F.001,0.2977,0.2768,0.454545,65,state_conditional,False,0.907029,0.2977,0.454545,0.545455,65,state_conditional,False,descriptive_reference_available,0.0,674.6802978515625,Sisude
2025-12-02T05:00:00+00:00,591,F.001,0.3134,0.2097,0.545455,65,state_conditional,False,0.868625,0.3134,0.545455,0.454545,65,state_conditional,False,descriptive_reference_available,0.0,675.9300537109375,Sisude
2025-12-03T05:00:00+00:00,592,F.002,0.3541,0.05,0.150943,52,state_conditional,False,0.777188,0.3541,0.150943,0.849057,52,state_conditional,False,descriptive_reference_available,-0.0,678.2706298828125,Keseve
2025-12-04T05:00:00+00:00,593,F.002,0.4078,0.0,0.283019,52,state_conditional,False,0.671419,0.4078,0.283019,0.716981,52,state_conditional,False,descriptive_reference_available,0.0,678.7665405273438,Keseve
2025-12-05T05:00:00+00:00,594,F.002,0.4174,0.0,0.301887,52,state_conditional,False,0.653994,0.4174,0.301887,0.698113,52,state_conditional,False,descriptive_reference_available,0.0,680.0557861328125,Keseve
2025-12-08T05:00:00+00:00,595,F.002,0.3918,0.0,0.245283,52,state_conditional,False,0.701391,0.3918,0.245283,0.754717,52,state_conditional,False,descriptive_reference_available,0.0,678.0127563476562,Keseve
2025-12-09T05:00:00+00:00,596,F.002,0.4633,0.0,0.641509,52,state_conditional,False,0.575891,0.4633,0.641509,0.358491,52,state_conditional,False,descriptive_reference_available,0.0,677.4276123046875,Keseve
2025-12-10T05:00:00+00:00,597,F.002,0.4532,0.0,0.54717,52,state_conditional,False,0.592442,0.4532,0.54717,0.45283,52,state_conditional,False,descriptive_reference_available,0.0,681.92041015625,Keseve
2025-12-11T05:00:00+00:00,598,F.002,0.4755,0.0,0.698113,52,state_conditional,False,0.556542,0.4755,0.698113,0.301887,52,state_conditional,False,descriptive_reference_available,0.0,683.5072631835938,Keseve
2025-12-12T05:00:00+00:00,599,F.002,0.4456,0.0,0.471698,52,state_conditional,False,0.605159,0.4456,0.471698,0.528302,52,state_conditional,False,descriptive_reference_available,0.0,676.1581420898438,Keseve
2025-12-15T05:00:00+00:00,600,F.002,0.4317,0.0,0.415094,52,state_conditional,False,0.628798,0.4317,0.415094,0.584906,52,state_conditional,False,descriptive_reference_available,0.0,675.1365356445312,Keseve
2025-12-16T05:00:00+00:00,601,F.002,0.416,0.0,0.301887,52,state_conditional,False,0.656658,0.416,0.301887,0.698113,52,state_conditional,False,descriptive_reference_available,0.0,673.2918701171875,Keseve
2025-12-17T05:00:00+00:00,602,F.002,0.393,0.0,0.245283,52,state_conditional,False,0.699228,0.393,0.245283,0.754717,52,state_conditional,False,descriptive_reference_available,0.0,665.8832397460938,Keseve
2025-12-18T05:00:00+00:00,603,F.002,0.4057,0.0,0.283019,52,state_conditional,False,0.675309,0.4057,0.283019,0.716981,52,state_conditional,False,descriptive_reference_available,0.0,670.9114990234375,Keseve
2025-12-19T05:00:00+00:00,604,F.002,0.3808,0.0,0.245283,52,state_conditional,False,0.722817,0.3808,0.245283,0.754717,52,state_conditional,False,descriptive_reference_available,0.0,676.9923095703125,Keseve
2025-12-22T05:00:00+00:00,605,F.002,0.3752,0.0,0.226415,52,state_conditional,False,0.733849,0.3752,0.226415,0.773585,52,state_conditional,False,descriptive_reference_available,0.0,681.2098388671875,Keseve
2025-12-23T05:00:00+00:00,606,F.002,0.4014,0.0,0.264151,52,state_conditional,False,0.683369,0.4014,0.264151,0.735849,52,state_conditional,False,descriptive_reference_available,0.0,684.3233032226562,Keseve
2025-12-24T05:00:00+00:00,607,F.002,0.4169,0.0,0.301887,52,state_conditional,False,0.655008,0.4169,0.301887,0.698113,52,state_conditional,False,descriptive_reference_available,0.0,686.7305297851562,Keseve
2025-12-26T05:00:00+00:00,608,F.002,0.4139,0.0,0.301887,52,state_conditional,False,0.660276,0.4139,0.301887,0.698113,52,state_conditional,False,descriptive_reference_available,0.0,686.660888671875,Keseve
2025-12-29T05:00:00+00:00,609,F.002,0.4187,0.0,0.301887,52,state_conditional,False,0.651774,0.4187,0.301887,0.698113,52,state_conditional,False,descriptive_reference_available,0.0,684.2138671875,Keseve
2025-12-30T05:00:00+00:00,610,F.002,0.4447,0.0,0.471698,52,state_conditional,False,0.606653,0.4447,0.471698,0.528302,52,state_conditional,False,descriptive_reference_available,0.0,683.3782958984375,Keseve
2025-12-31T05:00:00+00:00,611,F.002,0.4463,0.0,0.471698,52,state_conditional,False,0.603892,0.4463,0.471698,0.528302,52,state_conditional,False,descriptive_reference_available,0.0,678.3152465820312,Keseve
2026-01-02T05:00:00+00:00,612,F.002,0.4291,0.0,0.339623,52,state_conditional,False,0.633337,0.4291,0.339623,0.660377,52,state_conditional,False,descriptive_reference_available,0.0,679.55859375,Keseve
2026-01-05T05:00:00+00:00,613,F.002,0.4298,0.0,0.339623,52,state_conditional,False,0.632079,0.4298,0.339623,0.660377,52,state_conditional,False,descriptive_reference_available,0.0,684.0845947265625,Keseve
2026-01-06T05:00:00+00:00,614,F.002,0.4352,0.0,0.415094,52,state_conditional,False,0.622879,0.4352,0.415094,0.584906,52,state_conditional,False,descriptive_reference_available,0.0,688.1529541015625,Keseve
2026-01-07T05:00:00+00:00,615,F.002,0.4625,0.0,0.622642,52,state_conditional,False,0.577239,0.4625,0.622642,0.377358,52,state_conditional,False,descriptive_reference_available,0.0,685.9347534179688,Keseve
2026-01-08T05:00:00+00:00,616,F.002,0.3941,0.0,0.245283,52,state_conditional,False,0.697037,0.3941,0.245283,0.754717,52,state_conditional,False,descriptive_reference_available,0.0,685.8651123046875,Keseve
2026-01-09T05:00:00+00:00,617,F.002,0.3886,0.0,0.245283,52,state_conditional,False,0.707625,0.3886,0.245283,0.754717,52,state_conditional,False,descriptive_reference_available,0.0,690.4010009765625,Keseve
2026-01-12T05:00:00+00:00,618,F.002,0.4169,0.0,0.301887,52,state_conditional,False,0.654962,0.4169,0.301887,0.698113,52,state_conditional,False,descriptive_reference_available,0.0,691.4852294921875,Keseve
2026-01-13T05:00:00+00:00,619,F.002,0.4164,0.0,0.301887,52,state_conditional,False,0.655855,0.4164,0.301887,0.698113,52,state_conditional,False,descriptive_reference_available,0.0,690.1026000976562,Keseve
2026-01-14T05:00:00+00:00,620,F.002,0.362,0.0212,0.188679,52,state_conditional,False,0.760709,0.362,0.188679,0.811321,52,state_conditional,False,descriptive_reference_available,0.0,686.7105712890625,Keseve
2026-01-15T05:00:00+00:00,621,F.002,0.3313,0.1369,0.113208,52,state_conditional,False,0.826944,0.3313,0.113208,0.886792,52,state_conditional,False,descriptive_reference_available,0.0,688.5806884765625,Keseve
2026-01-16T05:00:00+00:00,622,F.002,0.358,0.0354,0.150943,52,state_conditional,False,0.768882,0.358,0.150943,0.849057,52,state_conditional,False,descriptive_reference_available,0.0,688.0037231445312,Keseve
2026-01-20T05:00:00+00:00,623,F.002,0.4153,0.0,0.301887,52,state_conditional,False,0.657869,0.4153,0.301887,0.698113,52,state_conditional,False,descriptive_reference_available,0.0,673.9981689453125,Keseve
2026-01-21T05:00:00+00:00,624,F.002,0.404,0.0,0.264151,52,state_conditional,False,0.678538,0.404,0.264151,0.735849,52,state_conditional,False,descriptive_reference_available,0.0,681.77685546875,Keseve
2026-01-22T05:00:00+00:00,625,F.002,0.4246,0.0,0.301887,52,state_conditional,False,0.641312,0.4246,0.301887,0.698113,52,state_conditional,False,descriptive_reference_available,0.0,685.3379516601562,Keseve
2026-01-23T05:00:00+00:00,626,F.002,0.4233,0.0,0.301887,52,state_conditional,False,0.643509,0.4233,0.301887,0.698113,52,state_conditional,False,descriptive_reference_available,0.0,685.5865478515625,Keseve
2026-01-26T05:00:00+00:00,627,F.002,0.3934,0.0,0.245283,52,state_conditional,False,0.698355,0.3934,0.245283,0.754717,52,state_conditional,False,descriptive_reference_available,0.0,689.068115234375,Keseve
2026-01-27T05:00:00+00:00,628,F.002,0.4323,0.0,0.415094,52,state_conditional,False,0.627742,0.4323,0.415094,0.584906,52,state_conditional,False,descriptive_reference_available,0.0,691.8134765625,Keseve
2026-01-28T05:00:00+00:00,629,F.002,0.4079,0.0,0.283019,52,state_conditional,False,0.67122,0.4079,0.283019,0.716981,52,state_conditional,False,descriptive_reference_available,0.0,691.7438354492188,Keseve
2026-01-29T05:00:00+00:00,630,F.002,0.3629,0.018,0.188679,52,state_conditional,False,0.758873,0.3629,0.188679,0.811321,52,state_conditional,False,descriptive_reference_available,0.0,690.3711547851562,Keseve
2026-01-30T05:00:00+00:00,631,F.002,0.403,0.0,0.264151,52,state_conditional,False,0.680385,0.403,0.264151,0.735849,52,state_conditional,False,descriptive_reference_available,0.0,688.3121337890625,Keseve
2026-02-02T05:00:00+00:00,632,F.002,0.4125,0.0,0.283019,52,state_conditional,False,0.662953,0.4125,0.283019,0.716981,52,state_conditional,False,descriptive_reference_available,0.0,691.73388671875,Keseve
2026-02-03T05:00:00+00:00,633,F.002,0.396,0.0,0.264151,52,state_conditional,False,0.693435,0.396,0.264151,0.735849,52,state_conditional,False,descriptive_reference_available,0.0,685.885009765625,Keseve
2026-02-04T05:00:00+00:00,634,F.002,0.3551,0.0462,0.150943,52,state_conditional,False,0.775016,0.3551,0.150943,0.849057,52,state_conditional,False,descriptive_reference_available,0.0,682.5626831054688,Keseve
2026-02-05T05:00:00+00:00,635,F.002,0.3638,0.0145,0.207547,52,state_conditional,False,0.756915,0.3638,0.207547,0.792453,52,state_conditional,False,descriptive_reference_available,0.0,674.0379638671875,Keseve
2026-02-06T05:00:00+00:00,636,F.002,0.314,0.207,0.056604,52,state_conditional,False,0.867079,0.314,0.056604,0.943396,52,state_conditional,False,descriptive_reference_available,0.0,686.96923828125,Keseve
2026-02-09T05:00:00+00:00,637,F.002,0.2978,0.2765,0.037736,52,state_conditional,True,0.906807,0.2978,0.037736,0.962264,52,state_conditional,True,withheld_extreme_calibration_tail,0.0,690.2816162109375,Keseve
2026-02-10T05:00:00+00:00,638,F.002,0.2647,0.4305,0.018868,52,state_conditional,True,0.994972,0.2647,0.018868,0.981132,52,state_conditional,True,withheld_extreme_calibration_tail,0.0,688.4613037109375,Keseve
2026-02-11T05:00:00+00:00,639,F.002,0.2724,0.3931,0.018868,52,state_conditional,True,0.973588,0.2724,0.018868,0.981132,52,state_conditional,True,withheld_extreme_calibration_tail,0.0,688.3021850585938,Keseve
2026-02-12T05:00:00+00:00,640,F.002,0.2611,0.4483,0.018868,52,state_conditional,True,1.005148,0.2611,0.018868,0.981132,52,state_conditional,True,withheld_extreme_calibration_tail,0.0,677.668701171875,Keseve
2026-02-13T05:00:00+00:00,641,F.002,0.2783,0.3649,0.018868,52,state_conditional,True,0.957443,0.2783,0.018868,0.981132,52,state_conditional,True,withheld_extreme_calibration_tail,0.0,678.1461181640625,Keseve
2026-02-17T05:00:00+00:00,642,F.002,0.3154,0.2012,0.056604,52,state_conditional,False,0.863749,0.3154,0.056604,0.943396,52,state_conditional,False,descriptive_reference_available,0.0,679.2402954101562,Keseve
2026-02-18T05:00:00+00:00,643,F.002,0.2907,0.3081,0.037736,52,state_conditional,True,0.924895,0.2907,0.037736,0.962264,52,state_conditional,True,withheld_extreme_calibration_tail,0.0,682.662109375,Keseve
2026-02-19T05:00:00+00:00,644,F.002,0.2876,0.3223,0.037736,52,state_conditional,True,0.93302,0.2876,0.037736,0.962264,52,state_conditional,True,withheld_extreme_calibration_tail,0.0,680.8616943359375,Keseve
2026-02-20T05:00:00+00:00,645,F.002,0.2756,0.3778,0.018868,52,state_conditional,True,0.964815,0.2756,0.018868,0.981132,52,state_conditional,True,withheld_extreme_calibration_tail,0.0,685.7855834960938,Keseve
2026-02-23T05:00:00+00:00,646,F.002,0.2541,0.484,0.018868,52,state_conditional,True,1.02558,0.2541,0.018868,0.981132,52,state_conditional,True,withheld_extreme_calibration_tail,0.0,678.7827758789062,Keseve
2026-02-24T05:00:00+00:00,647,F.002,0.2747,0.3819,0.018868,52,state_conditional,True,0.967167,0.2747,0.018868,0.981132,52,state_conditional,True,withheld_extreme_calibration_tail,0.0,683.7164916992188,Keseve
2026-02-25T05:00:00+00:00,648,F.001,0.2298,0.6152,0.287879,65,state_conditional,False,1.100698,0.2298,0.287879,0.712121,65,state_conditional,False,descriptive_reference_available,-0.0,689.4859008789062,Sisude
2026-02-26T05:00:00+00:00,649,F.001,0.2707,0.4011,0.409091,65,state_conditional,False,0.978163,0.2707,0.409091,0.590909,65,state_conditional,False,descriptive_reference_available,0.0,685.6561889648438,Sisude
2026-02-27T05:00:00+00:00,650,F.001,0.2423,0.5461,0.318182,65,state_conditional,False,1.061114,0.2423,0.318182,0.681818,65,state_conditional,False,descriptive_reference_available,0.0,682.3637084960938,Sisude
2026-03-02T05:00:00+00:00,651,F.002,0.2418,0.549,0.018868,52,state_conditional,True,1.062803,0.2418,0.018868,0.981132,52,state_conditional,True,withheld_extreme_calibration_tail,-0.0,682.7516479492188,Keseve
2026-03-03T05:00:00+00:00,652,F.002,0.3656,0.0081,0.207547,52,state_conditional,False,0.753215,0.3656,0.207547,0.792453,52,state_conditional,False,descriptive_reference_available,0.0,676.7337036132812,Keseve
2026-03-04T05:00:00+00:00,653,F.002,0.367,0.0033,0.207547,52,state_conditional,False,0.750489,0.367,0.207547,0.792453,52,state_conditional,False,descriptive_reference_available,0.0,681.50830078125,Keseve
2026-03-05T05:00:00+00:00,654,F.002,0.3841,0.0,0.245283,52,state_conditional,False,0.716285,0.3841,0.245283,0.754717,52,state_conditional,False,descriptive_reference_available,0.0,677.7084350585938,Keseve
2026-03-06T05:00:00+00:00,655,F.002,0.3209,0.1788,0.075472,52,state_conditional,False,0.8509,0.3209,0.075472,0.924528,52,state_conditional,False,descriptive_reference_available,0.0,668.8256225585938,Keseve
2026-03-09T04:00:00+00:00,656,F.002,0.328,0.1502,0.113208,52,state_conditional,False,0.834556,0.328,0.113208,0.886792,52,state_conditional,False,descriptive_reference_available,0.0,674.6845092773438,Keseve
2026-03-10T04:00:00+00:00,657,F.002,0.334,0.1263,0.113208,52,state_conditional,False,0.820905,0.334,0.113208,0.886792,52,state_conditional,False,descriptive_reference_available,0.0,673.6002807617188,Keseve
2026-03-11T04:00:00+00:00,658,F.002,0.374,0.0,0.226415,52,state_conditional,False,0.736235,0.374,0.226415,0.773585,52,state_conditional,False,descriptive_reference_available,0.0,672.7548217773438,Keseve
2026-03-12T04:00:00+00:00,659,F.002,0.2976,0.2775,0.037736,52,state_conditional,True,0.907409,0.2976,0.037736,0.962264,52,state_conditional,True,withheld_extreme_calibration_tail,0.0,662.5390625,Keseve
2026-03-13T04:00:00+00:00,660,F.002,0.312,0.2157,0.037736,52,state_conditional,True,0.87202,0.312,0.037736,0.962264,52,state_conditional,True,withheld_extreme_calibration_tail,0.0,658.7890014648438,Keseve
2026-03-16T04:00:00+00:00,661,F.002,0.3283,0.1489,0.113208,52,state_conditional,False,0.833832,0.3283,0.113208,0.886792,52,state_conditional,False,descriptive_reference_available,0.0,665.493408203125,Keseve
2026-03-17T04:00:00+00:00,662,F.002,0.3374,0.1132,0.132075,52,state_conditional,False,0.81339,0.3374,0.132075,0.867925,52,state_conditional,False,descriptive_reference_available,0.0,667.2440185546875,Keseve
2026-03-18T04:00:00+00:00,663,F.002,0.2696,0.4065,0.018868,52,state_conditional,True,0.981212,0.2696,0.018868,0.981132,52,state_conditional,True,withheld_extreme_calibration_tail,0.0,657.9335327148438,Keseve
2026-03-19T04:00:00+00:00,664,F.002,0.2984,0.2737,0.037736,52,state_conditional,True,0.905249,0.2984,0.037736,0.962264,52,state_conditional,True,withheld_extreme_calibration_tail,0.0,656.3121337890625,Keseve
2026-03-20T04:00:00+00:00,665,F.002,0.273,0.3902,0.018868,52,state_conditional,True,0.971884,0.273,0.018868,0.981132,52,state_conditional,True,withheld_extreme_calibration_tail,0.0,646.9034423828125,Keseve
2026-03-23T04:00:00+00:00,666,F.001,0.2558,0.4751,0.363636,65,state_conditional,False,1.020517,0.2558,0.363636,0.636364,65,state_conditional,False,descriptive_reference_available,-0.0,653.6959228515625,Sisude
2026-03-24T04:00:00+00:00,667,F.002,0.2674,0.4173,0.018868,52,state_conditional,True,0.987411,0.2674,0.018868,0.981132,52,state_conditional,True,withheld_extreme_calibration_tail,-0.0,651.5015869140625,Keseve
2026-03-25T04:00:00+00:00,668,F.001,0.2644,0.4322,0.393939,65,state_conditional,False,0.995951,0.2644,0.393939,0.606061,65,state_conditional,False,descriptive_reference_available,-0.0,655.1322021484375,Sisude
2026-03-26T04:00:00+00:00,669,F.001,0.2443,0.5353,0.318182,65,state_conditional,False,1.054956,0.2443,0.318182,0.681818,65,state_conditional,False,descriptive_reference_available,0.0,643.432373046875,Sisude
2026-03-27T04:00:00+00:00,670,F.001,0.2789,0.3621,0.409091,65,state_conditional,False,0.955851,0.2789,0.409091,0.590909,65,state_conditional,False,descriptive_reference_available,0.0,632.4606323242188,Sisude
2026-03-30T04:00:00+00:00,671,F.001,0.265,0.429,0.393939,65,state_conditional,False,0.994126,0.265,0.393939,0.606061,65,state_conditional,False,descriptive_reference_available,0.0,630.3460693359375,Sisude
2026-03-31T04:00:00+00:00,672,F.001,0.2941,0.2927,0.439394,65,state_conditional,False,0.916091,0.2941,0.439394,0.560606,65,state_conditional,False,descriptive_reference_available,0.0,648.6688842773438,Sisude
2026-04-01T04:00:00+00:00,673,F.001,0.3112,0.2189,0.530303,65,state_conditional,False,0.873859,0.3112,0.530303,0.469697,65,state_conditional,False,descriptive_reference_available,0.0,653.5562744140625,Sisude
2026-04-02T04:00:00+00:00,674,F.001,0.3254,0.1607,0.560606,65,state_conditional,False,0.840548,0.3254,0.560606,0.439394,65,state_conditional,False,descriptive_reference_available,0.0,654.144775390625,Sisude
2026-04-06T04:00:00+00:00,675,F.001,0.3483,0.0715,0.651515,65,state_conditional,False,0.789531,0.3483,0.651515,0.348485,65,state_conditional,False,descriptive_reference_available,0.0,657.23681640625,Sisude
2026-04-07T04:00:00+00:00,676,F.001,0.3451,0.0835,0.636364,65,state_conditional,False,0.796406,0.3451,0.636364,0.363636,65,state_conditional,False,descriptive_reference_available,0.0,657.5260009765625,Sisude
2026-04-08T04:00:00+00:00,677,F.001,0.3243,0.165,0.560606,65,state_conditional,False,0.843049,0.3243,0.560606,0.439394,65,state_conditional,False,descriptive_reference_available,0.0,674.27294921875,Sisude
2026-04-09T04:00:00+00:00,678,F.001,0.366,0.0069,0.742424,65,state_conditional,False,0.752529,0.366,0.742424,0.257576,65,state_conditional,False,descriptive_reference_available,0.0,678.162841796875,Sisude
2026-04-10T04:00:00+00:00,679,F.001,0.3881,0.0,0.863636,65,state_conditional,False,0.708467,0.3881,0.863636,0.136364,65,state_conditional,False,descriptive_reference_available,0.0,677.7140502929688,Sisude
2026-04-13T04:00:00+00:00,680,F.001,0.4048,0.0,0.878788,65,state_conditional,False,0.676984,0.4048,0.878788,0.121212,65,state_conditional,False,descriptive_reference_available,0.0,684.3369750976562,Sisude
2026-04-14T04:00:00+00:00,681,F.001,0.4677,0.0,0.969697,65,state_conditional,False,0.568867,0.4677,0.969697,0.030303,65,state_conditional,False,descriptive_reference_available,0.0,692.675537109375,Sisude
2026-04-15T04:00:00+00:00,682,F.001,0.4649,0.0,0.969697,65,state_conditional,False,0.573402,0.4649,0.969697,0.030303,65,state_conditional,False,descriptive_reference_available,0.0,698.1414184570312,Sisude
2026-04-16T04:00:00+00:00,683,F.001,0.4425,0.0,0.954545,65,state_conditional,False,0.610284,0.4425,0.954545,0.045455,65,state_conditional,False,descriptive_reference_available,0.0,699.8569946289062,Sisude
2026-04-17T04:00:00+00:00,684,F.001,0.3833,0.0,0.833333,65,state_conditional,False,0.717901,0.3833,0.833333,0.166667,65,state_conditional,False,descriptive_reference_available,0.0,708.3152465820312,Sisude
2026-04-20T04:00:00+00:00,685,F.001,0.3324,0.1326,0.606061,65,state_conditional,False,0.824472,0.3324,0.606061,0.393939,65,state_conditional,False,descriptive_reference_available,0.0,706.8988037109375,Sisude
2026-04-21T04:00:00+00:00,686,F.001,0.3398,0.1037,0.621212,65,state_conditional,False,0.807933,0.3398,0.621212,0.378788,65,state_conditional,False,descriptive_reference_available,0.0,702.2708129882812,Sisude
2026-04-22T04:00:00+00:00,687,F.001,0.3681,0.0,0.757576,65,state_conditional,False,0.74824,0.3681,0.757576,0.242424,65,state_conditional,False,descriptive_reference_available,0.0,709.3825073242188,Sisude
2026-04-23T04:00:00+00:00,688,F.001,0.3404,0.1015,0.621212,65,state_conditional,False,0.806683,0.3404,0.621212,0.378788,65,state_conditional,False,descriptive_reference_available,0.0,706.6295776367188,Sisude
2026-04-24T04:00:00+00:00,689,F.001,0.377,0.0,0.772727,65,state_conditional,False,0.730187,0.377,0.772727,0.227273,65,state_conditional,False,descriptive_reference_available,0.0,712.10546875,Sisude
2026-04-27T04:00:00+00:00,690,F.001,0.3872,0.0,0.848485,65,state_conditional,False,0.710357,0.3872,0.848485,0.151515,65,state_conditional,False,descriptive_reference_available,0.0,713.332275390625,Sisude
2026-04-28T04:00:00+00:00,691,F.002,0.3452,0.0831,0.150943,52,state_conditional,False,0.79616,0.3452,0.150943,0.849057,52,state_conditional,False,descriptive_reference_available,-0.0,709.8612060546875,Keseve
2026-04-29T04:00:00+00:00,692,F.002,0.4066,0.0,0.283019,52,state_conditional,False,0.673673,0.4066,0.283019,0.716981,52,state_conditional,False,descriptive_reference_available,0.0,709.7515258789062,Keseve
2026-04-30T04:00:00+00:00,693,F.002,0.3807,0.0,0.245283,52,state_conditional,False,0.72296,0.3807,0.245283,0.754717,52,state_conditional,False,descriptive_reference_available,0.0,716.8132934570312,Keseve
2026-05-01T04:00:00+00:00,694,F.002,0.3608,0.0256,0.188679,52,state_conditional,False,0.763235,0.3608,0.188679,0.811321,52,state_conditional,False,descriptive_reference_available,0.0,718.7982177734375,Keseve
2026-05-04T04:00:00+00:00,695,F.002,0.3042,0.2488,0.037736,52,state_conditional,True,0.890983,0.3042,0.037736,0.962264,52,state_conditional,True,withheld_extreme_calibration_tail,0.0,716.1649780273438,Keseve
2026-05-05T04:00:00+00:00,696,F.002,0.3026,0.2557,0.037736,52,state_conditional,True,0.89491,0.3026,0.037736,0.962264,52,state_conditional,True,withheld_extreme_calibration_tail,0.0,721.9102172851562,Keseve
2026-05-06T04:00:00+00:00,697,F.002,0.285,0.3337,0.037736,52,state_conditional,True,0.939585,0.285,0.037736,0.962264,52,state_conditional,True,withheld_extreme_calibration_tail,0.0,731.9443359375,Keseve
2026-05-07T04:00:00+00:00,698,F.002,0.2966,0.2819,0.037736,52,state_conditional,True,0.909931,0.2966,0.037736,0.962264,52,state_conditional,True,withheld_extreme_calibration_tail,0.0,729.7001342773438,Keseve
2026-05-08T04:00:00+00:00,699,F.002,0.3043,0.2483,0.037736,52,state_conditional,True,0.890703,0.3043,0.037736,0.962264,52,state_conditional,True,withheld_extreme_calibration_tail,0.0,735.724609375,Keseve
2026-05-11T04:00:00+00:00,700,F.002,0.3047,0.2466,0.037736,52,state_conditional,True,0.889714,0.3047,0.037736,0.962264,52,state_conditional,True,withheld_extreme_calibration_tail,0.0,737.4002685546875,Keseve
2026-05-12T04:00:00+00:00,701,F.002,0.2816,0.3497,0.037736,52,state_conditional,True,0.948705,0.2816,0.037736,0.962264,52,state_conditional,True,withheld_extreme_calibration_tail,0.0,736.2831420898438,Keseve
2026-05-13T04:00:00+00:00,702,F.002,0.3023,0.2569,0.037736,52,state_conditional,True,0.895614,0.3023,0.037736,0.962264,52,state_conditional,True,withheld_extreme_calibration_tail,0.0,740.4025268554688,Keseve
2026-05-14T04:00:00+00:00,703,F.002,0.3112,0.2189,0.037736,52,state_conditional,True,0.873854,0.3112,0.037736,0.962264,52,state_conditional,True,withheld_extreme_calibration_tail,0.0,746.2474975585938,Keseve
2026-05-15T04:00:00+00:00,704,F.002,0.2465,0.5236,0.018868,52,state_conditional,True,1.048256,0.2465,0.018868,0.981132,52,state_conditional,True,withheld_extreme_calibration_tail,0.0,737.2706298828125,Keseve
2026-05-18T04:00:00+00:00,705,F.002,0.309,0.2281,0.037736,52,state_conditional,True,0.879122,0.309,0.037736,0.962264,52,state_conditional,True,withheld_extreme_calibration_tail,0.0,736.751953125,Keseve
2026-05-19T04:00:00+00:00,706,F.002,0.3234,0.1685,0.09434,52,state_conditional,False,0.845056,0.3234,0.09434,0.90566,52,state_conditional,False,descriptive_reference_available,0.0,731.8446044921875,Keseve
2026-05-20T04:00:00+00:00,707,F.002,0.3259,0.1587,0.113208,52,state_conditional,False,0.839404,0.3259,0.113208,0.886792,52,state_conditional,False,descriptive_reference_available,0.0,739.3452758789062,Keseve
2026-05-21T04:00:00+00:00,708,F.002,0.339,0.1068,0.132075,52,state_conditional,False,0.80973,0.339,0.132075,0.867925,52,state_conditional,False,descriptive_reference_available,0.0,740.8114624023438,Keseve
2026-05-22T04:00:00+00:00,709,F.002,0.3491,0.0686,0.150943,52,state_conditional,False,0.787831,0.3491,0.150943,0.849057,52,state_conditional,False,descriptive_reference_available,0.0,743.7239990234375,Keseve
2026-05-26T04:00:00+00:00,710,F.002,0.3323,0.133,0.113208,52,state_conditional,False,0.824709,0.3323,0.113208,0.886792,52,state_conditional,False,descriptive_reference_available,0.0,748.6613159179688,Keseve
2026-05-27T04:00:00+00:00,711,F.002,0.349,0.0688,0.150943,52,state_conditional,False,0.787943,0.349,0.150943,0.849057,52,state_conditional,False,descriptive_reference_available,0.0,748.5316162109375,Keseve
2026-05-28T04:00:00+00:00,712,F.002,0.3453,0.0828,0.150943,52,state_conditional,False,0.795994,0.3453,0.150943,0.849057,52,state_conditional,False,descriptive_reference_available,0.0,752.6609497070312,Keseve
2026-05-29T04:00:00+00:00,713,F.002,0.3435,0.0895,0.132075,52,state_conditional,False,0.799837,0.3435,0.132075,0.867925,52,state_conditional,False,descriptive_reference_available,0.0,754.5361328125,Keseve
2026-06-01T04:00:00+00:00,714,F.002,0.3401,0.1027,0.132075,52,state_conditional,False,0.807392,0.3401,0.132075,0.867925,52,state_conditional,False,descriptive_reference_available,0.0,756.5908203125,Keseve
2026-06-02T04:00:00+00:00,715,F.002,0.3302,0.1415,0.113208,52,state_conditional,False,0.829586,0.3302,0.113208,0.886792,52,state_conditional,False,descriptive_reference_available,0.0,757.6182250976562,Keseve
2026-06-03T04:00:00+00:00,716,F.002,0.287,0.3247,0.037736,52,state_conditional,True,0.934423,0.287,0.037736,0.962264,52,state_conditional,True,withheld_extreme_calibration_tail,0.0,752.3018798828125,Keseve
2026-06-04T04:00:00+00:00,717,F.002,0.3187,0.1878,0.056604,52,state_conditional,False,0.856065,0.3187,0.056604,0.943396,52,state_conditional,False,descriptive_reference_available,0.0,755.1445922851562,Keseve
2026-06-05T04:00:00+00:00,718,F.002,0.3622,0.0205,0.188679,52,state_conditional,False,0.760335,0.3622,0.188679,0.811321,52,state_conditional,False,descriptive_reference_available,0.0,735.65478515625,Keseve
2026-06-08T04:00:00+00:00,719,F.002,0.3819,0.0,0.245283,52,state_conditional,False,0.720598,0.3819,0.245283,0.754717,52,state_conditional,False,descriptive_reference_available,0.0,737.3204345703125,Keseve
2026-06-09T04:00:00+00:00,720,F.002,0.4288,0.0,0.339623,52,state_conditional,False,0.633812,0.4288,0.339623,0.660377,52,state_conditional,False,descriptive_reference_available,0.0,735.1560668945312,Keseve
2026-06-10T04:00:00+00:00,721,F.002,0.4116,0.0,0.283019,52,state_conditional,False,0.664568,0.4116,0.283019,0.716981,52,state_conditional,False,descriptive_reference_available,0.0,723.56591796875,Keseve
2026-06-11T04:00:00+00:00,722,F.002,0.3984,0.0,0.264151,52,state_conditional,False,0.688874,0.3984,0.264151,0.735849,52,state_conditional,False,descriptive_reference_available,0.0,735.8642578125,Keseve
2026-06-12T04:00:00+00:00,723,F.002,0.4218,0.0,0.301887,52,state_conditional,False,0.646162,0.4218,0.301887,0.698113,52,state_conditional,False,descriptive_reference_available,0.0,739.843994140625,Keseve
2026-06-15T04:00:00+00:00,724,F.001,0.389,0.0,0.863636,65,state_conditional,False,0.706838,0.389,0.863636,0.136364,65,state_conditional,False,descriptive_reference_available,-0.0,752.890380859375,Sisude
2026-06-16T04:00:00+00:00,725,F.001,0.3875,0.0,0.848485,65,state_conditional,False,0.709778,0.3875,0.848485,0.151515,65,state_conditional,False,descriptive_reference_available,0.0,748.4019775390625,Sisude
2026-06-17T04:00:00+00:00,726,F.001,0.3802,0.0,0.80303,65,state_conditional,False,0.723863,0.3802,0.80303,0.19697,65,state_conditional,False,descriptive_reference_available,0.0,739.0560302734375,Sisude
2026-06-18T04:00:00+00:00,727,F.001,0.4345,0.0,0.939394,65,state_conditional,False,0.62407,0.4345,0.939394,0.060606,65,state_conditional,False,descriptive_reference_available,0.0,746.739990234375,Sisude
2026-06-22T04:00:00+00:00,728,F.001,0.4439,0.0,0.954545,65,state_conditional,False,0.608009,0.4439,0.954545,0.045455,65,state_conditional,False,descriptive_reference_available,0.0,744.3900146484375,Sisude
2026-06-23T04:00:00+00:00,729,F.001,0.3637,0.0148,0.727273,65,state_conditional,False,0.757077,0.3637,0.727273,0.272727,65,state_conditional,False,descriptive_reference_available,0.0,733.5800170898438,Sisude
2026-06-24T04:00:00+00:00,730,F.001,0.4121,0.0,0.909091,65,state_conditional,False,0.663661,0.4121,0.909091,0.090909,65,state_conditional,False,descriptive_reference_available,0.0,733.239990234375,Sisude
2026-06-25T04:00:00+00:00,731,F.001,0.4366,0.0,0.939394,65,state_conditional,False,0.620383,0.4366,0.939394,0.060606,65,state_conditional,False,descriptive_reference_available,0.0,734.2999877929688,Sisude
2026-06-26T04:00:00+00:00,732,F.001,0.4349,0.0,0.939394,65,state_conditional,False,0.623342,0.4349,0.939394,0.060606,65,state_conditional,False,descriptive_reference_available,0.0,728.989990234375,Sisude
2026-06-29T04:00:00+00:00,733,F.001,0.4204,0.0,0.924242,65,state_conditional,False,0.648685,0.4204,0.924242,0.075758,65,state_conditional,False,descriptive_reference_available,0.0,741.0,Sisude
2026-06-30T04:00:00+00:00,734,F.001,0.3948,0.0,0.863636,65,state_conditional,False,0.695646,0.3948,0.863636,0.136364,65,state_conditional,False,descriptive_reference_available,0.0,746.77001953125,Sisude
2026-07-01T04:00:00+00:00,735,F.001,0.3715,0.0,0.757576,65,state_conditional,False,0.741246,0.3715,0.757576,0.242424,65,state_conditional,False,descriptive_reference_available,0.0,745.760009765625,Sisude
2026-07-02T04:00:00+00:00,736,F.001,0.3696,0.0,0.757576,65,state_conditional,False,0.745079,0.3696,0.757576,0.242424,65,state_conditional,False,descriptive_reference_available,0.0,744.780029296875,Sisude
2026-07-06T04:00:00+00:00,737,F.001,0.3466,0.0779,0.651515,65,state_conditional,False,0.793188,0.3466,0.651515,0.348485,65,state_conditional,False,descriptive_reference_available,0.0,751.280029296875,Sisude
2026-07-07T04:00:00+00:00,738,F.001,0.3589,0.0324,0.727273,65,state_conditional,False,0.767132,0.3589,0.727273,0.272727,65,state_conditional,False,descriptive_reference_available,0.0,747.7100219726562,Sisude
2026-07-08T04:00:00+00:00,739,F.001,0.3577,0.0368,0.727273,65,state_conditional,False,0.769637,0.3577,0.727273,0.272727,65,state_conditional,False,descriptive_reference_available,0.0,745.4000244140625,Sisude
2026-07-09T04:00:00+00:00,740,F.001,0.3589,0.0325,0.727273,65,state_conditional,False,0.767176,0.3589,0.727273,0.272727,65,state_conditional,False,descriptive_reference_available,0.0,751.7100219726562,Sisude
2026-07-10T04:00:00+00:00,741,F.002,0.3796,0.0,0.245283,52,state_conditional,False,0.72506,0.3796,0.245283,0.754717,52,state_conditional,False,descriptive_reference_available,-0.0,754.9500122070312,Keseve
2026-07-13T04:00:00+00:00,742,F.002,0.407,0.0,0.283019,52,state_conditional,False,0.672868,0.407,0.283019,0.716981,52,state_conditional,False,descriptive_reference_available,0.0,749.1699829101562,Keseve
2026-07-14T04:00:00+00:00,743,F.002,0.4352,0.0,0.415094,52,state_conditional,False,0.622838,0.4352,0.415094,0.584906,52,state_conditional,False,descriptive_reference_available,0.0,751.8300170898438,Keseve
2026-07-15T04:00:00+00:00,744,F.002,0.443,0.0,0.45283,52,state_conditional,False,0.609568,0.443,0.45283,0.54717,52,state_conditional,False,descriptive_reference_available,0.0,754.8099975585938,Keseve
2026-07-16T04:00:00+00:00,745,F.002,0.4477,0.0,0.471698,52,state_conditional,False,0.601514,0.4477,0.471698,0.528302,52,state_conditional,False,descriptive_reference_available,0.0,750.719970703125,Keseve
2026-07-17T04:00:00+00:00,746,F.002,0.4713,0.0,0.679245,52,state_conditional,False,0.563156,0.4713,0.679245,0.320755,52,state_conditional,False,descriptive_reference_available,0.0,743.2899780273438,Keseve
2026-07-20T04:00:00+00:00,747,F.002,0.4834,0.0,0.716981,52,state_conditional,False,0.544188,0.4834,0.716981,0.283019,52,state_conditional,False,descriptive_reference_available,0.0,742.0900268554688,Keseve
2026-07-21T04:00:00+00:00,748,F.002,0.4492,0.0,0.509434,52,state_conditional,False,0.599154,0.4492,0.509434,0.490566,52,state_conditional,False,descriptive_reference_available,0.0,748.280029296875,Keseve
